date,year,day,month,hour,airpressureminus1000,temperature,relativehumidity,windspeed,winddirection,Lat_decimal,Lon_decimal,elev
2022-08-29 18:00:00,2022,29,8,18,-32.1,2.8,86.7,4.9,326.9,nan,nan,nan
2022-08-29 19:00:00,2022,29,8,19,-31.9,3.4,87.0,6.4,318.7,nan,nan,nan
2022-08-29 20:00:00,2022,29,8,20,-31.6,3.0,88.6,5.5,314.4,nan,nan,nan
2022-08-29 21:00:00,2022,29,8,21,-31.2,2.8,91.1,3.3,318.3,nan,nan,nan
2022-08-29 22:00:00,2022,29,8,22,-30.9,2.3,92.3,3.1,14.1,nan,nan,nan
2022-08-29 23:00:00,2022,29,8,23,-30.7,2.1,93.5,nan,nan,nan,nan,nan
2022-08-30 00:00:00,2022,30,8,0,-30.4,2.6,90.3,1.6,126.9,nan,nan,nan
2022-08-30 01:00:00,2022,30,8,1,-30.4,2.3,90.9,1.9,26.1,nan,nan,nan
2022-08-30 02:00:00,2022,30,8,2,-30.3,2.6,91.6,nan,nan,nan,nan,nan
2022-08-30 03:00:00,2022,30,8,3,-30.0,2.5,91.8,0.9,296.1,nan,nan,nan
2022-08-30 04:00:00,2022,30,8,4,-29.4,2.0,90.7,1.4,332.2,nan,nan,nan
2022-08-30 05:00:00,2022,30,8,5,-28.9,2.0,92.6,3.3,290.3,nan,nan,nan
2022-08-30 06:00:00,2022,30,8,6,-28.1,1.9,93.4,2.0,247.9,nan,nan,nan
2022-08-30 07:00:00,2022,30,8,7,-27.6,2.2,91.5,5.9,288.0,nan,nan,nan
2022-08-30 08:00:00,2022,30,8,8,-26.3,1.8,93.4,6.3,278.8,nan,nan,nan
2022-08-30 09:00:00,2022,30,8,9,-25.5,2.0,91.7,5.2,271.0,nan,nan,nan
2022-08-30 10:00:00,2022,30,8,10,-24.8,1.9,90.5,5.8,304.8,nan,nan,nan
2022-08-30 11:00:00,2022,30,8,11,-23.8,2.6,86.0,5.2,285.3,nan,nan,nan
2022-08-30 12:00:00,2022,30,8,12,-23.0,2.9,81.8,4.4,326.0,nan,nan,nan
2022-08-30 13:00:00,2022,30,8,13,-22.6,3.7,77.7,4.4,294.9,nan,nan,nan
2022-08-30 14:00:00,2022,30,8,14,-22.3,3.4,79.9,4.5,293.9,nan,nan,nan
2022-08-30 15:00:00,2022,30,8,15,-21.5,4.3,75.9,2.0,334.9,nan,nan,nan
2022-08-30 16:00:00,2022,30,8,16,-21.0,5.1,71.2,0.9,307.5,nan,nan,nan
2022-08-30 17:00:00,2022,30,8,17,-20.4,2.8,81.4,2.3,3.7,nan,nan,nan
2022-08-30 18:00:00,2022,30,8,18,-20.3,3.9,75.4,2.7,244.5,nan,nan,nan
2022-08-30 19:00:00,2022,30,8,19,-19.7,3.7,79.4,4.0,271.3,nan,nan,nan
2022-08-30 20:00:00,2022,30,8,20,-19.1,2.9,83.3,3.0,257.2,nan,nan,nan
2022-08-30 21:00:00,2022,30,8,21,-18.4,3.0,87.4,5.4,273.4,nan,nan,nan
2022-08-30 22:00:00,2022,30,8,22,-17.9,1.8,92.5,2.6,267.8,nan,nan,nan
2022-08-30 23:00:00,2022,30,8,23,-17.6,2.1,83.9,0.7,3.5,nan,nan,nan
2022-08-31 00:00:00,2022,31,8,0,-17.4,2.8,71.8,2.2,117.7,nan,nan,nan
2022-08-31 01:00:00,2022,31,8,1,-16.9,2.4,67.6,2.4,71.6,nan,nan,nan
2022-08-31 02:00:00,2022,31,8,2,-16.6,2.0,74.0,4.9,60.2,nan,nan,nan
2022-08-31 03:00:00,2022,31,8,3,-16.2,0.9,73.7,5.1,40.4,nan,nan,nan
2022-08-31 04:00:00,2022,31,8,4,-15.6,1.1,70.4,4.9,27.3,nan,nan,nan
2022-08-31 05:00:00,2022,31,8,5,-14.7,-0.1,75.5,4.1,13.2,nan,nan,nan
2022-08-31 06:00:00,2022,31,8,6,-14.3,1.1,66.5,1.8,289.1,nan,nan,nan
2022-08-31 07:00:00,2022,31,8,7,-13.7,1.2,66.6,2.1,117.1,nan,nan,nan
2022-08-31 08:00:00,2022,31,8,8,-13.2,0.9,75.9,3.7,68.9,nan,nan,nan
2022-08-31 09:00:00,2022,31,8,9,-12.5,2.0,76.0,2.4,83.6,nan,nan,nan
2022-08-31 10:00:00,2022,31,8,10,-12.1,3.3,73.1,2.0,57.1,nan,nan,nan
2022-08-31 11:00:00,2022,31,8,11,-11.8,2.8,77.5,2.3,46.3,nan,nan,nan
2022-08-31 12:00:00,2022,31,8,12,-11.4,2.9,77.9,2.3,21.0,nan,nan,nan
2022-08-31 13:00:00,2022,31,8,13,-11.2,3.6,74.0,1.5,31.9,nan,nan,nan
2022-08-31 14:00:00,2022,31,8,14,-11.4,2.6,79.5,3.4,33.9,nan,nan,nan
2022-08-31 15:00:00,2022,31,8,15,-11.3,5.2,66.1,1.3,270.6,nan,nan,nan
2022-08-31 16:00:00,2022,31,8,16,-11.4,4.5,70.5,2.7,25.4,nan,nan,nan
2022-08-31 17:00:00,2022,31,8,17,-11.3,4.4,69.7,3.0,31.5,nan,nan,nan
2022-08-31 18:00:00,2022,31,8,18,-11.3,4.6,70.9,3.8,57.3,nan,nan,nan
2022-08-31 19:00:00,2022,31,8,19,-10.7,4.3,70.2,4.1,35.5,nan,nan,nan
2022-08-31 20:00:00,2022,31,8,20,-10.8,4.2,68.5,5.4,38.5,nan,nan,nan
2022-08-31 21:00:00,2022,31,8,21,-10.2,3.7,70.3,4.6,50.2,nan,nan,nan
2022-08-31 22:00:00,2022,31,8,22,-10.0,2.9,70.0,6.6,32.0,nan,nan,nan
2022-08-31 23:00:00,2022,31,8,23,-9.7,3.5,69.8,4.4,59.0,nan,nan,nan
2022-09-01 00:00:00,2022,1,9,0,-10.0,3.2,70.9,5.6,43.6,nan,nan,nan
2022-09-01 01:00:00,2022,1,9,1,-10.3,4.8,61.2,5.3,62.2,nan,nan,nan
2022-09-01 02:00:00,2022,1,9,2,-10.2,4.1,63.1,4.6,78.6,nan,nan,nan
2022-09-01 03:00:00,2022,1,9,3,-10.1,3.1,68.0,3.9,58.5,nan,nan,nan
2022-09-01 04:00:00,2022,1,9,4,-10.1,3.6,69.6,5.1,57.3,nan,nan,nan
2022-09-01 05:00:00,2022,1,9,5,-10.1,2.7,72.2,5.2,49.5,nan,nan,nan
2022-09-01 06:00:00,2022,1,9,6,-10.0,2.9,71.0,4.5,50.7,nan,nan,nan
2022-09-01 07:00:00,2022,1,9,7,-10.2,3.7,64.5,4.5,51.4,nan,nan,nan
2022-09-01 08:00:00,2022,1,9,8,-10.4,4.4,63.0,4.5,61.7,nan,nan,nan
2022-09-01 09:00:00,2022,1,9,9,-10.1,3.7,69.6,3.3,65.0,nan,nan,nan
2022-09-01 10:00:00,2022,1,9,10,-10.4,3.3,71.8,3.7,65.1,nan,nan,nan
2022-09-01 11:00:00,2022,1,9,11,-10.4,4.3,66.8,3.4,69.2,nan,nan,nan
2022-09-01 12:00:00,2022,1,9,12,-10.6,6.1,54.9,3.0,80.2,nan,nan,nan
2022-09-01 13:00:00,2022,1,9,13,-11.1,5.0,61.7,3.9,80.1,nan,nan,nan
2022-09-01 14:00:00,2022,1,9,14,-11.0,4.5,66.1,3.7,75.9,nan,nan,nan
2022-09-01 15:00:00,2022,1,9,15,-11.2,4.9,63.2,4.0,68.2,nan,nan,nan
2022-09-01 16:00:00,2022,1,9,16,-11.3,7.3,49.5,4.1,56.5,nan,nan,nan
2022-09-01 17:00:00,2022,1,9,17,-11.4,6.9,52.7,4.9,62.3,nan,nan,nan
2022-09-01 18:00:00,2022,1,9,18,-12.1,7.1,51.5,5.5,63.8,nan,nan,nan
2022-09-01 19:00:00,2022,1,9,19,-11.8,6.4,56.4,4.7,50.1,nan,nan,nan
2022-09-01 20:00:00,2022,1,9,20,-11.8,8.1,50.0,4.8,53.0,nan,nan,nan
2022-09-01 21:00:00,2022,1,9,21,-11.9,6.6,55.2,5.9,54.5,nan,nan,nan
2022-09-01 22:00:00,2022,1,9,22,-11.5,6.8,53.4,5.9,54.3,nan,nan,nan
2022-09-01 23:00:00,2022,1,9,23,-10.9,7.3,51.2,4.0,63.1,nan,nan,nan
2022-09-02 00:00:00,2022,2,9,0,-9.7,9.3,44.5,3.2,47.7,nan,nan,nan
2022-09-02 01:00:00,2022,2,9,1,-9.1,6.7,55.2,5.2,69.6,nan,nan,nan
2022-09-02 02:00:00,2022,2,9,2,-7.9,6.8,56.3,3.2,92.9,nan,nan,nan
2022-09-02 03:00:00,2022,2,9,3,-8.3,5.9,73.7,6.1,36.6,nan,nan,nan
2022-09-02 04:00:00,2022,2,9,4,-8.1,11.3,63.0,3.4,52.2,nan,nan,nan
2022-09-02 05:00:00,2022,2,9,5,-8.1,7.6,71.9,5.8,39.2,nan,nan,nan
2022-09-02 06:00:00,2022,2,9,6,-7.8,8.7,68.6,6.3,52.8,nan,nan,nan
2022-09-02 07:00:00,2022,2,9,7,-7.3,7.8,66.3,6.5,51.9,nan,nan,nan
2022-09-02 08:00:00,2022,2,9,8,-7.1,8.8,63.9,6.9,51.9,nan,nan,nan
2022-09-02 09:00:00,2022,2,9,9,-6.4,8.9,63.9,6.3,39.0,nan,nan,nan
2022-09-02 10:00:00,2022,2,9,10,-6.3,9.4,63.5,5.8,54.0,nan,nan,nan
2022-09-02 11:00:00,2022,2,9,11,-5.9,7.5,69.7,5.8,56.3,nan,nan,nan
2022-09-02 12:00:00,2022,2,9,12,-5.4,8.1,68.4,5.7,55.8,nan,nan,nan
2022-09-02 13:00:00,2022,2,9,13,-4.6,9.2,65.7,2.7,44.5,nan,nan,nan
2022-09-02 14:00:00,2022,2,9,14,-4.4,6.6,74.0,5.1,43.7,nan,nan,nan
2022-09-02 15:00:00,2022,2,9,15,-4.5,8.9,73.0,2.7,64.3,nan,nan,nan
2022-09-02 16:00:00,2022,2,9,16,-4.3,8.6,74.4,1.6,23.1,nan,nan,nan
2022-09-02 17:00:00,2022,2,9,17,-4.0,8.1,68.7,1.4,66.0,nan,nan,nan
2022-09-02 18:00:00,2022,2,9,18,-4.5,7.2,75.3,5.5,69.6,nan,nan,nan
2022-09-02 19:00:00,2022,2,9,19,-4.0,7.3,75.2,4.1,64.5,nan,nan,nan
2022-09-02 20:00:00,2022,2,9,20,-4.2,8.2,78.3,4.1,60.3,nan,nan,nan
2022-09-02 21:00:00,2022,2,9,21,-3.6,9.2,75.2,3.1,49.1,nan,nan,nan
2022-09-02 22:00:00,2022,2,9,22,-3.7,5.4,83.5,4.6,46.6,nan,nan,nan
2022-09-02 23:00:00,2022,2,9,23,-3.8,5.6,82.6,4.9,49.0,nan,nan,nan
2022-09-03 00:00:00,2022,3,9,0,-3.7,8.0,77.5,4.5,64.4,nan,nan,nan
2022-09-03 01:00:00,2022,3,9,1,-3.3,5.6,84.0,3.9,59.8,nan,nan,nan
2022-09-03 02:00:00,2022,3,9,2,-2.6,5.9,90.5,1.2,307.8,nan,nan,nan
2022-09-03 03:00:00,2022,3,9,3,-2.9,5.5,91.2,1.3,34.3,nan,nan,nan
2022-09-03 04:00:00,2022,3,9,4,-2.6,5.5,96.5,1.1,18.4,nan,nan,nan
2022-09-03 05:00:00,2022,3,9,5,-3.0,5.1,88.3,5.5,51.5,nan,nan,nan
2022-09-03 06:00:00,2022,3,9,6,-3.5,6.8,85.2,7.1,65.2,nan,nan,nan
2022-09-03 07:00:00,2022,3,9,7,-4.1,6.7,81.9,6.5,93.3,nan,nan,nan
2022-09-03 08:00:00,2022,3,9,8,-4.6,6.6,80.9,5.0,109.4,nan,nan,nan
2022-09-03 09:00:00,2022,3,9,9,-4.7,6.1,84.4,5.0,85.6,nan,nan,nan
2022-09-03 10:00:00,2022,3,9,10,-5.2,5.8,84.2,5.0,79.3,nan,nan,nan
2022-09-03 11:00:00,2022,3,9,11,-5.4,5.2,89.4,4.5,74.0,nan,nan,nan
2022-09-03 12:00:00,2022,3,9,12,-5.6,6.0,94.4,3.2,91.4,nan,nan,nan
2022-09-03 13:00:00,2022,3,9,13,-5.7,6.8,95.8,3.2,83.7,nan,nan,nan
2022-09-03 14:00:00,2022,3,9,14,-6.2,4.8,94.8,4.1,74.5,nan,nan,nan
2022-09-03 15:00:00,2022,3,9,15,-6.5,5.6,97.7,4.2,73.4,nan,nan,nan
2022-09-03 16:00:00,2022,3,9,16,-6.7,5.0,96.1,3.9,60.9,nan,nan,nan
2022-09-03 17:00:00,2022,3,9,17,-7.3,4.5,95.4,4.8,38.7,nan,nan,nan
2022-09-03 18:00:00,2022,3,9,18,-7.0,7.6,96.2,2.8,38.6,nan,nan,nan
2022-09-03 19:00:00,2022,3,9,19,-7.6,4.9,96.1,4.9,41.4,nan,nan,nan
2022-09-03 20:00:00,2022,3,9,20,-7.8,4.6,95.6,2.3,41.7,nan,nan,nan
2022-09-03 21:00:00,2022,3,9,21,-7.9,4.7,97.4,3.7,18.6,nan,nan,nan
2022-09-03 22:00:00,2022,3,9,22,-8.2,5.0,95.6,3.1,312.9,nan,nan,nan
2022-09-03 23:00:00,2022,3,9,23,-8.5,5.9,90.1,1.3,48.2,nan,nan,nan
2022-09-04 00:00:00,2022,4,9,0,-8.1,5.6,94.1,2.6,328.4,nan,nan,nan
2022-09-04 01:00:00,2022,4,9,1,-7.8,5.0,96.7,2.8,292.3,nan,nan,nan
2022-09-04 02:00:00,2022,4,9,2,-8.4,5.4,91.1,4.7,329.3,nan,nan,nan
2022-09-04 03:00:00,2022,4,9,3,-8.6,5.1,91.6,3.6,277.8,nan,nan,nan
2022-09-04 04:00:00,2022,4,9,4,-9.0,5.2,91.2,2.3,305.0,nan,nan,nan
2022-09-04 05:00:00,2022,4,9,5,-9.3,5.2,97.8,0.9,303.7,nan,nan,nan
2022-09-04 06:00:00,2022,4,9,6,-9.1,5.3,90.2,1.0,339.9,nan,nan,nan
2022-09-04 07:00:00,2022,4,9,7,-9.2,6.0,89.2,1.7,45.6,nan,nan,nan
2022-09-04 08:00:00,2022,4,9,8,-9.1,6.1,89.0,2.2,72.8,nan,nan,nan
2022-09-04 09:00:00,2022,4,9,9,-9.5,4.8,88.8,3.4,60.0,nan,nan,nan
2022-09-04 10:00:00,2022,4,9,10,-9.5,5.1,86.6,3.4,58.7,nan,nan,nan
2022-09-04 11:00:00,2022,4,9,11,-9.8,5.3,83.9,5.0,50.9,nan,nan,nan
2022-09-04 12:00:00,2022,4,9,12,-9.9,6.9,81.8,4.3,52.5,nan,nan,nan
2022-09-04 13:00:00,2022,4,9,13,-10.0,5.5,82.5,4.4,48.6,nan,nan,nan
2022-09-04 14:00:00,2022,4,9,14,-10.1,6.0,80.2,4.0,38.9,nan,nan,nan
2022-09-04 15:00:00,2022,4,9,15,-10.5,7.2,75.7,3.5,32.7,nan,nan,nan
2022-09-04 16:00:00,2022,4,9,16,-10.5,6.0,78.6,3.9,39.5,nan,nan,nan
2022-09-04 17:00:00,2022,4,9,17,-10.2,5.8,78.4,4.7,37.2,nan,nan,nan
2022-09-04 18:00:00,2022,4,9,18,-10.2,6.4,76.3,4.2,38.0,nan,nan,nan
2022-09-04 19:00:00,2022,4,9,19,-10.3,5.9,78.6,5.1,49.8,nan,nan,nan
2022-09-04 20:00:00,2022,4,9,20,-10.1,7.3,78.2,1.4,347.6,nan,nan,nan
2022-09-04 21:00:00,2022,4,9,21,-9.9,6.1,91.7,0.7,351.8,nan,nan,nan
2022-09-04 22:00:00,2022,4,9,22,-10.1,5.0,80.0,4.8,41.0,nan,nan,nan
2022-09-04 23:00:00,2022,4,9,23,-10.1,5.6,79.3,5.4,48.7,nan,nan,nan
2022-09-05 00:00:00,2022,5,9,0,-10.3,5.9,83.2,5.6,43.2,nan,nan,nan
2022-09-05 01:00:00,2022,5,9,1,-9.8,4.8,83.0,3.1,12.4,nan,nan,nan
2022-09-05 02:00:00,2022,5,9,2,-9.2,5.8,82.3,3.8,57.2,nan,nan,nan
2022-09-05 03:00:00,2022,5,9,3,-8.7,5.1,88.1,4.1,64.4,nan,nan,nan
2022-09-05 04:00:00,2022,5,9,4,-8.1,5.7,92.2,4.2,68.2,nan,nan,nan
2022-09-05 05:00:00,2022,5,9,5,-7.9,5.0,93.9,4.6,66.3,nan,nan,nan
2022-09-05 06:00:00,2022,5,9,6,-7.5,4.7,91.7,3.9,55.4,nan,nan,nan
2022-09-05 07:00:00,2022,5,9,7,-7.0,4.5,95.9,2.3,87.5,nan,nan,nan
2022-09-05 08:00:00,2022,5,9,8,-7.0,4.3,97.9,4.4,65.0,nan,nan,nan
2022-09-05 09:00:00,2022,5,9,9,-6.4,5.6,98.5,2.7,59.9,nan,nan,nan
2022-09-05 10:00:00,2022,5,9,10,-6.5,3.7,98.1,3.2,64.5,nan,nan,nan
2022-09-05 11:00:00,2022,5,9,11,-6.3,4.5,98.4,3.1,41.1,nan,nan,nan
2022-09-05 12:00:00,2022,5,9,12,-6.3,4.2,98.8,3.6,23.7,nan,nan,nan
2022-09-05 13:00:00,2022,5,9,13,-6.5,4.6,97.1,4.1,17.1,nan,nan,nan
2022-09-05 14:00:00,2022,5,9,14,-6.8,4.9,93.4,3.4,353.4,nan,nan,nan
2022-09-05 15:00:00,2022,5,9,15,-6.9,5.2,91.8,1.9,297.7,nan,nan,nan
2022-09-05 16:00:00,2022,5,9,16,-7.0,4.4,90.2,5.9,181.3,nan,nan,nan
2022-09-05 17:00:00,2022,5,9,17,-6.8,4.6,91.1,5.5,348.8,nan,nan,nan
2022-09-05 18:00:00,2022,5,9,18,-6.6,4.9,88.6,5.1,353.3,nan,nan,nan
2022-09-05 19:00:00,2022,5,9,19,-7.0,4.5,91.7,5.6,352.8,nan,nan,nan
2022-09-05 20:00:00,2022,5,9,20,-6.8,5.0,92.7,4.7,1.5,nan,nan,nan
2022-09-05 21:00:00,2022,5,9,21,-7.4,4.6,89.5,5.3,14.1,nan,nan,nan
2022-09-05 22:00:00,2022,5,9,22,-7.6,4.3,90.4,5.2,13.2,nan,nan,nan
2022-09-05 23:00:00,2022,5,9,23,-8.0,4.8,85.0,1.9,262.5,nan,nan,nan
2022-09-06 00:00:00,2022,6,9,0,-8.3,4.1,93.8,1.7,313.5,nan,nan,nan
2022-09-06 01:00:00,2022,6,9,1,-8.9,4.4,88.9,5.9,10.2,nan,nan,nan
2022-09-06 02:00:00,2022,6,9,2,-9.4,4.9,88.0,5.8,11.1,nan,nan,nan
2022-09-06 03:00:00,2022,6,9,3,-9.9,4.4,90.8,4.0,291.9,nan,nan,nan
2022-09-06 04:00:00,2022,6,9,4,-10.0,5.1,87.3,nan,nan,nan,nan,nan
2022-09-06 05:00:00,2022,6,9,5,-10.3,5.5,84.2,2.3,65.5,nan,nan,nan
2022-09-06 06:00:00,2022,6,9,6,-10.3,5.0,85.2,3.0,25.0,nan,nan,nan
2022-09-06 07:00:00,2022,6,9,7,-10.4,4.8,86.2,1.4,11.8,nan,nan,nan
2022-09-06 08:00:00,2022,6,9,8,-10.7,5.6,83.3,2.2,79.0,nan,nan,nan
2022-09-06 09:00:00,2022,6,9,9,-10.8,5.0,93.7,2.8,53.9,nan,nan,nan
2022-09-06 10:00:00,2022,6,9,10,-10.7,5.0,89.9,4.7,57.8,nan,nan,nan
2022-09-06 11:00:00,2022,6,9,11,-11.0,4.6,87.3,4.1,50.0,nan,nan,nan
2022-09-06 12:00:00,2022,6,9,12,-10.8,6.0,85.2,2.9,27.6,nan,nan,nan
2022-09-06 13:00:00,2022,6,9,13,-11.0,4.5,87.1,3.2,49.0,nan,nan,nan
2022-09-06 14:00:00,2022,6,9,14,-11.6,4.0,88.1,3.8,42.6,nan,nan,nan
2022-09-06 15:00:00,2022,6,9,15,-11.6,5.6,82.3,1.7,30.5,nan,nan,nan
2022-09-06 16:00:00,2022,6,9,16,-11.8,4.5,84.7,3.2,29.5,nan,nan,nan
2022-09-06 17:00:00,2022,6,9,17,-12.5,4.4,85.9,4.5,39.2,nan,nan,nan
2022-09-06 18:00:00,2022,6,9,18,-12.5,5.7,85.4,2.7,46.9,nan,nan,nan
2022-09-06 19:00:00,2022,6,9,19,-12.7,4.6,86.2,3.8,43.9,nan,nan,nan
2022-09-06 20:00:00,2022,6,9,20,-12.8,4.6,84.7,3.4,44.1,nan,nan,nan
2022-09-06 21:00:00,2022,6,9,21,-12.7,4.9,87.7,3.5,40.5,nan,nan,nan
2022-09-06 22:00:00,2022,6,9,22,-13.0,4.7,86.0,3.9,39.6,nan,nan,nan
2022-09-06 23:00:00,2022,6,9,23,-13.1,4.5,87.6,4.2,41.8,nan,nan,nan
2022-09-07 00:00:00,2022,7,9,0,-13.5,4.3,88.4,4.1,50.3,nan,nan,nan
2022-09-07 01:00:00,2022,7,9,1,-13.5,3.9,90.9,3.3,57.4,nan,nan,nan
2022-09-07 02:00:00,2022,7,9,2,-13.8,4.3,88.1,4.3,43.0,nan,nan,nan
2022-09-07 03:00:00,2022,7,9,3,-14.1,4.2,89.7,3.5,54.2,nan,nan,nan
2022-09-07 04:00:00,2022,7,9,4,-14.4,4.4,89.4,3.7,46.4,nan,nan,nan
2022-09-07 05:00:00,2022,7,9,5,-14.6,4.6,88.4,3.5,54.5,nan,nan,nan
2022-09-07 06:00:00,2022,7,9,6,-14.9,4.6,88.0,3.2,56.5,nan,nan,nan
2022-09-07 07:00:00,2022,7,9,7,-14.8,3.9,93.3,3.3,50.2,nan,nan,nan
2022-09-07 08:00:00,2022,7,9,8,-14.7,4.4,95.4,2.8,54.1,nan,nan,nan
2022-09-07 09:00:00,2022,7,9,9,-14.7,3.7,92.6,2.8,57.0,nan,nan,nan
2022-09-07 10:00:00,2022,7,9,10,-14.4,3.8,96.2,2.8,68.0,nan,nan,nan
2022-09-07 11:00:00,2022,7,9,11,-14.4,4.6,95.2,2.1,69.7,nan,nan,nan
2022-09-07 12:00:00,2022,7,9,12,-14.3,5.7,89.4,1.3,30.2,nan,nan,nan
2022-09-07 13:00:00,2022,7,9,13,-14.5,4.5,97.9,2.2,29.3,nan,nan,nan
2022-09-07 14:00:00,2022,7,9,14,-14.8,4.5,88.5,3.3,46.8,nan,nan,nan
2022-09-07 15:00:00,2022,7,9,15,-15.0,4.6,87.3,3.7,34.5,nan,nan,nan
2022-09-07 16:00:00,2022,7,9,16,-15.0,4.5,87.5,4.4,35.1,nan,nan,nan
2022-09-07 17:00:00,2022,7,9,17,-15.3,4.3,87.3,4.1,34.2,nan,nan,nan
2022-09-07 18:00:00,2022,7,9,18,-15.1,5.7,85.2,3.2,28.3,nan,nan,nan
2022-09-07 19:00:00,2022,7,9,19,-14.9,5.7,81.3,3.0,47.1,nan,nan,nan
2022-09-07 20:00:00,2022,7,9,20,-14.7,5.9,81.3,2.9,39.1,nan,nan,nan
2022-09-07 21:00:00,2022,7,9,21,-14.6,5.3,84.0,2.9,52.0,nan,nan,nan
2022-09-07 22:00:00,2022,7,9,22,-14.7,4.3,79.6,4.5,40.4,nan,nan,nan
2022-09-07 23:00:00,2022,7,9,23,-14.6,3.9,79.8,4.4,40.9,nan,nan,nan
2022-09-08 00:00:00,2022,8,9,0,-14.7,4.6,78.1,3.7,47.8,nan,nan,nan
2022-09-08 01:00:00,2022,8,9,1,-15.0,4.2,79.4,4.3,51.5,nan,nan,nan
2022-09-08 02:00:00,2022,8,9,2,-15.2,3.7,80.1,4.8,32.6,nan,nan,nan
2022-09-08 03:00:00,2022,8,9,3,-15.1,3.5,81.9,3.6,29.2,nan,nan,nan
2022-09-08 04:00:00,2022,8,9,4,-15.2,4.1,79.8,5.3,46.3,nan,nan,nan
2022-09-08 05:00:00,2022,8,9,5,-15.4,4.0,82.1,4.9,49.1,nan,nan,nan
2022-09-08 06:00:00,2022,8,9,6,-15.3,3.5,85.0,4.7,45.0,nan,nan,nan
2022-09-08 07:00:00,2022,8,9,7,-15.2,4.5,82.7,4.4,50.1,nan,nan,nan
2022-09-08 08:00:00,2022,8,9,8,-15.1,4.4,85.1,4.8,66.2,nan,nan,nan
2022-09-08 09:00:00,2022,8,9,9,-14.8,5.0,78.5,5.0,54.7,nan,nan,nan
2022-09-08 10:00:00,2022,8,9,10,-15.0,3.9,81.0,5.3,39.6,nan,nan,nan
2022-09-08 11:00:00,2022,8,9,11,-14.8,5.0,77.9,4.4,60.1,nan,nan,nan
2022-09-08 12:00:00,2022,8,9,12,-14.8,4.4,78.2,4.6,35.2,nan,nan,nan
2022-09-08 13:00:00,2022,8,9,13,-14.7,5.4,72.9,3.1,30.7,nan,nan,nan
2022-09-08 14:00:00,2022,8,9,14,-14.8,4.7,75.0,4.2,40.4,nan,nan,nan
2022-09-08 15:00:00,2022,8,9,15,-14.5,4.9,76.4,4.8,41.2,nan,nan,nan
2022-09-08 16:00:00,2022,8,9,16,-14.6,5.1,74.5,4.7,38.1,nan,nan,nan
2022-09-08 17:00:00,2022,8,9,17,-14.7,5.1,74.4,4.4,38.6,nan,nan,nan
2022-09-08 18:00:00,2022,8,9,18,-14.4,5.3,73.3,4.3,45.3,nan,nan,nan
2022-09-08 19:00:00,2022,8,9,19,-14.5,5.1,73.9,4.4,38.5,nan,nan,nan
2022-09-08 20:00:00,2022,8,9,20,-14.2,6.4,71.3,3.5,41.3,nan,nan,nan
2022-09-08 21:00:00,2022,8,9,21,-14.0,5.5,71.5,3.4,39.9,nan,nan,nan
2022-09-08 22:00:00,2022,8,9,22,-13.9,5.1,69.7,4.8,43.5,nan,nan,nan
2022-09-08 23:00:00,2022,8,9,23,-13.6,5.6,68.3,3.9,27.9,nan,nan,nan
2022-09-09 00:00:00,2022,9,9,0,-13.5,5.3,71.3,4.6,47.2,nan,nan,nan
2022-09-09 01:00:00,2022,9,9,1,-13.3,5.4,71.2,4.3,46.0,nan,nan,nan
2022-09-09 02:00:00,2022,9,9,2,-13.2,5.6,69.8,4.4,43.5,nan,nan,nan
2022-09-09 03:00:00,2022,9,9,3,-13.0,5.5,69.8,4.5,49.2,nan,nan,nan
2022-09-09 04:00:00,2022,9,9,4,-12.5,6.6,66.0,3.0,51.0,nan,nan,nan
2022-09-09 05:00:00,2022,9,9,5,-12.3,5.3,71.1,3.4,49.3,nan,nan,nan
2022-09-09 06:00:00,2022,9,9,6,-11.9,4.3,77.6,4.3,40.0,nan,nan,nan
2022-09-09 07:00:00,2022,9,9,7,-11.4,4.5,74.0,3.9,58.5,nan,nan,nan
2022-09-09 08:00:00,2022,9,9,8,-11.1,5.4,70.7,3.4,59.3,nan,nan,nan
2022-09-09 09:00:00,2022,9,9,9,-10.3,5.2,70.0,3.5,55.5,nan,nan,nan
2022-09-09 10:00:00,2022,9,9,10,-10.0,5.1,71.8,4.2,55.4,nan,nan,nan
2022-09-09 11:00:00,2022,9,9,11,-9.6,5.1,71.0,4.5,41.3,nan,nan,nan
2022-09-09 12:00:00,2022,9,9,12,-9.1,5.9,68.2,4.4,49.4,nan,nan,nan
2022-09-09 13:00:00,2022,9,9,13,-8.5,5.7,68.8,4.7,42.5,nan,nan,nan
2022-09-09 14:00:00,2022,9,9,14,-8.6,6.1,67.5,5.4,44.0,nan,nan,nan
2022-09-09 15:00:00,2022,9,9,15,-8.3,6.9,64.8,4.4,46.2,nan,nan,nan
2022-09-09 16:00:00,2022,9,9,16,-8.1,5.9,67.4,4.8,39.2,nan,nan,nan
2022-09-09 17:00:00,2022,9,9,17,-7.7,6.6,65.5,4.1,36.8,nan,nan,nan
2022-09-09 18:00:00,2022,9,9,18,-7.4,7.9,61.8,3.4,32.0,nan,nan,nan
2022-09-09 19:00:00,2022,9,9,19,-7.2,7.9,60.0,2.4,39.1,nan,nan,nan
2022-09-09 20:00:00,2022,9,9,20,-7.0,7.8,59.4,1.9,29.4,nan,nan,nan
2022-09-09 21:00:00,2022,9,9,21,-7.2,6.7,61.7,2.5,48.1,nan,nan,nan
2022-09-09 22:00:00,2022,9,9,22,-7.0,8.0,52.4,1.6,44.3,nan,nan,nan
2022-09-09 23:00:00,2022,9,9,23,-6.9,6.4,58.7,3.3,61.1,nan,nan,nan
2022-09-10 00:00:00,2022,10,9,0,-7.2,6.7,56.2,2.6,37.1,nan,nan,nan
2022-09-10 01:00:00,2022,10,9,1,-7.5,5.5,61.2,4.1,44.1,nan,nan,nan
2022-09-10 02:00:00,2022,10,9,2,-7.4,6.0,57.3,2.7,44.0,nan,nan,nan
2022-09-10 03:00:00,2022,10,9,3,-7.7,4.5,66.4,3.1,22.4,nan,nan,nan
2022-09-10 04:00:00,2022,10,9,4,-7.6,6.2,56.7,2.6,47.5,nan,nan,nan
2022-09-10 05:00:00,2022,10,9,5,-7.3,4.8,64.4,4.2,38.2,nan,nan,nan
2022-09-10 06:00:00,2022,10,9,6,-6.9,6.1,54.9,4.5,54.4,nan,nan,nan
2022-09-10 07:00:00,2022,10,9,7,-6.6,6.0,57.3,2.8,58.0,nan,nan,nan
2022-09-10 08:00:00,2022,10,9,8,-6.5,5.0,65.1,4.3,44.8,nan,nan,nan
2022-09-10 09:00:00,2022,10,9,9,-6.4,7.1,55.3,2.8,45.1,nan,nan,nan
2022-09-10 10:00:00,2022,10,9,10,-6.8,5.9,60.4,3.4,50.0,nan,nan,nan
2022-09-10 11:00:00,2022,10,9,11,-6.7,4.9,68.9,4.5,42.8,nan,nan,nan
2022-09-10 12:00:00,2022,10,9,12,-6.5,5.2,68.0,4.5,43.5,nan,nan,nan
2022-09-10 13:00:00,2022,10,9,13,-6.7,5.2,68.0,4.9,33.9,nan,nan,nan
2022-09-10 14:00:00,2022,10,9,14,-6.5,8.4,50.0,1.6,339.7,nan,nan,nan
2022-09-10 15:00:00,2022,10,9,15,-6.2,8.6,49.8,0.8,320.2,nan,nan,nan
2022-09-10 16:00:00,2022,10,9,16,-6.2,7.4,56.0,2.5,22.2,nan,nan,nan
2022-09-10 17:00:00,2022,10,9,17,-5.9,7.6,53.9,3.0,36.2,nan,nan,nan
2022-09-10 18:00:00,2022,10,9,18,-5.6,6.5,58.7,3.3,30.2,nan,nan,nan
2022-09-10 19:00:00,2022,10,9,19,-5.6,6.2,64.4,3.8,51.1,nan,nan,nan
2022-09-10 20:00:00,2022,10,9,20,-5.7,5.3,68.1,4.3,45.0,nan,nan,nan
2022-09-10 21:00:00,2022,10,9,21,-5.6,5.0,69.8,3.8,59.9,nan,nan,nan
2022-09-10 22:00:00,2022,10,9,22,-5.5,4.5,72.3,3.0,54.2,nan,nan,nan
2022-09-10 23:00:00,2022,10,9,23,-5.2,5.9,65.8,0.6,88.6,nan,nan,nan
2022-09-11 00:00:00,2022,11,9,0,-5.4,5.1,69.3,3.6,52.5,nan,nan,nan
2022-09-11 01:00:00,2022,11,9,1,-5.3,5.8,66.2,1.4,23.0,nan,nan,nan
2022-09-11 02:00:00,2022,11,9,2,-5.6,4.8,71.7,3.6,52.4,nan,nan,nan
2022-09-11 03:00:00,2022,11,9,3,-6.0,4.0,75.5,3.5,83.4,nan,nan,nan
2022-09-11 04:00:00,2022,11,9,4,-6.0,4.3,74.8,1.6,45.0,nan,nan,nan
2022-09-11 05:00:00,2022,11,9,5,-6.4,4.3,73.5,3.6,45.1,nan,nan,nan
2022-09-11 06:00:00,2022,11,9,6,-6.7,4.0,76.2,2.9,55.9,nan,nan,nan
2022-09-11 07:00:00,2022,11,9,7,-6.2,4.8,72.4,2.2,32.3,nan,nan,nan
2022-09-11 08:00:00,2022,11,9,8,-6.4,2.7,80.4,0.9,347.8,nan,nan,nan
2022-09-11 09:00:00,2022,11,9,9,-6.7,4.4,75.5,3.3,66.5,nan,nan,nan
2022-09-11 10:00:00,2022,11,9,10,-7.1,3.9,77.2,1.6,54.4,nan,nan,nan
2022-09-11 11:00:00,2022,11,9,11,-7.4,1.5,96.8,0.6,47.9,nan,nan,nan
2022-09-11 12:00:00,2022,11,9,12,-7.3,0.7,96.9,1.4,291.8,nan,nan,nan
2022-09-11 13:00:00,2022,11,9,13,-7.2,2.9,95.5,0.2,269.9,nan,nan,nan
2022-09-11 14:00:00,2022,11,9,14,-8.1,4.5,80.5,1.1,36.2,nan,nan,nan
2022-09-11 15:00:00,2022,11,9,15,-8.6,4.8,79.4,0.9,51.2,nan,nan,nan
2022-09-11 16:00:00,2022,11,9,16,-8.6,3.8,87.1,1.3,4.0,nan,nan,nan
2022-09-11 17:00:00,2022,11,9,17,-8.9,4.1,87.3,0.4,38.7,nan,nan,nan
2022-09-11 18:00:00,2022,11,9,18,-9.3,4.1,88.6,0.7,57.2,nan,nan,nan
2022-09-11 19:00:00,2022,11,9,19,-9.1,3.9,87.9,0.8,342.8,nan,nan,nan
2022-09-11 20:00:00,2022,11,9,20,-9.5,3.7,91.2,0.8,2.4,nan,nan,nan
2022-09-11 21:00:00,2022,11,9,21,-9.6,3.7,91.2,1.1,22.1,nan,nan,nan
2022-09-11 22:00:00,2022,11,9,22,-9.9,3.6,91.9,1.5,33.2,nan,nan,nan
2022-09-11 23:00:00,2022,11,9,23,-10.1,3.7,92.1,1.0,38.1,nan,nan,nan
2022-09-12 00:00:00,2022,12,9,0,-10.3,3.7,90.0,1.8,20.6,nan,nan,nan
2022-09-12 01:00:00,2022,12,9,1,-10.7,4.1,85.6,0.6,350.8,nan,nan,nan
2022-09-12 02:00:00,2022,12,9,2,-11.2,4.1,85.8,0.9,73.2,nan,nan,nan
2022-09-12 03:00:00,2022,12,9,3,-11.5,2.8,86.2,2.5,50.1,nan,nan,nan
2022-09-12 04:00:00,2022,12,9,4,-12.0,3.8,85.0,1.4,32.0,nan,nan,nan
2022-09-12 05:00:00,2022,12,9,5,-12.2,3.7,93.2,1.4,52.8,nan,nan,nan
2022-09-12 06:00:00,2022,12,9,6,-12.5,4.1,85.6,0.8,31.4,nan,nan,nan
2022-09-12 07:00:00,2022,12,9,7,-13.0,4.1,85.0,1.4,25.0,nan,nan,nan
2022-09-12 08:00:00,2022,12,9,8,-13.4,3.5,83.3,2.4,38.8,nan,nan,nan
2022-09-12 09:00:00,2022,12,9,9,-13.6,4.3,79.5,0.4,23.5,nan,nan,nan
2022-09-12 10:00:00,2022,12,9,10,-14.0,4.0,81.4,2.4,54.2,nan,nan,nan
2022-09-12 11:00:00,2022,12,9,11,-14.0,4.5,78.3,1.9,30.9,nan,nan,nan
2022-09-12 12:00:00,2022,12,9,12,-14.2,4.5,79.0,1.1,22.8,nan,nan,nan
2022-09-12 13:00:00,2022,12,9,13,-15.0,5.0,77.3,1.7,16.6,nan,nan,nan
2022-09-12 14:00:00,2022,12,9,14,-15.3,5.8,74.4,1.0,10.9,nan,nan,nan
2022-09-12 15:00:00,2022,12,9,15,-15.7,5.6,75.6,1.4,37.3,nan,nan,nan
2022-09-12 16:00:00,2022,12,9,16,-16.0,6.3,74.6,nan,nan,nan,nan,nan
2022-09-12 17:00:00,2022,12,9,17,-16.4,5.0,79.6,3.1,26.6,nan,nan,nan
2022-09-12 18:00:00,2022,12,9,18,-16.3,6.2,73.9,1.2,33.4,nan,nan,nan
2022-09-12 19:00:00,2022,12,9,19,-16.5,5.6,80.9,2.1,7.7,nan,nan,nan
2022-09-12 20:00:00,2022,12,9,20,-16.8,4.9,83.6,2.6,50.5,nan,nan,nan
2022-09-12 21:00:00,2022,12,9,21,-16.9,4.2,81.7,3.1,45.3,nan,nan,nan
2022-09-12 22:00:00,2022,12,9,22,-17.0,4.6,81.4,3.1,47.7,nan,nan,nan
2022-09-12 23:00:00,2022,12,9,23,-17.5,4.7,77.9,2.8,42.1,nan,nan,nan
2022-09-13 00:00:00,2022,13,9,0,-17.8,4.3,79.2,2.9,62.7,nan,nan,nan
2022-09-13 01:00:00,2022,13,9,1,-18.0,4.7,77.4,3.1,41.9,nan,nan,nan
2022-09-13 02:00:00,2022,13,9,2,-18.1,6.2,72.7,2.1,48.0,nan,nan,nan
2022-09-13 03:00:00,2022,13,9,3,-18.2,4.6,78.3,2.5,44.9,nan,nan,nan
2022-09-13 04:00:00,2022,13,9,4,-18.3,4.0,79.3,3.1,50.7,nan,nan,nan
2022-09-13 05:00:00,2022,13,9,5,-18.6,4.4,76.2,3.9,44.1,nan,nan,nan
2022-09-13 06:00:00,2022,13,9,6,-18.5,3.9,78.3,3.5,54.2,nan,nan,nan
2022-09-13 07:00:00,2022,13,9,7,-18.5,4.2,77.0,3.7,52.7,nan,nan,nan
2022-09-13 08:00:00,2022,13,9,8,-18.4,4.4,75.8,3.5,72.8,nan,nan,nan
2022-09-13 09:00:00,2022,13,9,9,-18.1,4.6,73.2,3.1,67.4,nan,nan,nan
2022-09-13 10:00:00,2022,13,9,10,-17.7,3.9,76.9,3.1,56.9,nan,nan,nan
2022-09-13 11:00:00,2022,13,9,11,-17.7,5.1,70.8,3.8,70.0,nan,nan,nan
2022-09-13 12:00:00,2022,13,9,12,-16.8,7.6,64.3,1.9,50.4,nan,nan,nan
2022-09-13 13:00:00,2022,13,9,13,-16.6,4.8,74.6,3.3,60.2,nan,nan,nan
2022-09-13 14:00:00,2022,13,9,14,-16.3,4.4,77.1,4.2,62.9,nan,nan,nan
2022-09-13 15:00:00,2022,13,9,15,-16.2,4.9,74.3,4.0,54.7,nan,nan,nan
2022-09-13 16:00:00,2022,13,9,16,-16.1,5.0,77.1,4.8,57.6,nan,nan,nan
2022-09-13 17:00:00,2022,13,9,17,-15.8,5.8,74.7,4.1,69.8,nan,nan,nan
2022-09-13 18:00:00,2022,13,9,18,-15.5,4.7,78.1,4.7,53.4,nan,nan,nan
2022-09-13 19:00:00,2022,13,9,19,-15.3,5.5,75.4,5.0,66.3,nan,nan,nan
2022-09-13 20:00:00,2022,13,9,20,-15.1,5.6,73.9,4.7,58.1,nan,nan,nan
2022-09-13 21:00:00,2022,13,9,21,-14.8,5.4,73.8,5.5,49.0,nan,nan,nan
2022-09-13 22:00:00,2022,13,9,22,-14.6,5.6,71.7,4.7,43.7,nan,nan,nan
2022-09-13 23:00:00,2022,13,9,23,-14.5,5.0,74.3,5.2,27.0,nan,nan,nan
2022-09-14 00:00:00,2022,14,9,0,-14.4,5.2,74.2,4.7,27.6,nan,nan,nan
2022-09-14 01:00:00,2022,14,9,1,-14.3,4.4,78.9,7.2,21.0,nan,nan,nan
2022-09-14 02:00:00,2022,14,9,2,-14.9,4.2,79.0,6.3,24.9,nan,nan,nan
2022-09-14 03:00:00,2022,14,9,3,-14.7,6.5,72.5,4.3,4.9,nan,nan,nan
2022-09-14 04:00:00,2022,14,9,4,-14.6,5.3,75.9,4.1,115.8,nan,nan,nan
2022-09-14 05:00:00,2022,14,9,5,-14.8,6.3,71.4,3.8,82.3,nan,nan,nan
2022-09-14 06:00:00,2022,14,9,6,-14.9,7.6,65.9,2.2,67.9,nan,nan,nan
2022-09-14 07:00:00,2022,14,9,7,-15.0,6.8,65.2,3.8,64.0,nan,nan,nan
2022-09-14 08:00:00,2022,14,9,8,-14.7,7.6,59.0,3.4,28.9,nan,nan,nan
2022-09-14 09:00:00,2022,14,9,9,-15.0,7.2,65.3,5.1,50.2,nan,nan,nan
2022-09-14 10:00:00,2022,14,9,10,-14.6,7.3,67.1,3.7,63.1,nan,nan,nan
2022-09-14 11:00:00,2022,14,9,11,-14.5,6.9,69.0,4.3,79.1,nan,nan,nan
2022-09-14 12:00:00,2022,14,9,12,-14.1,5.4,73.6,3.8,59.9,nan,nan,nan
2022-09-14 13:00:00,2022,14,9,13,-13.6,6.0,72.7,3.8,51.1,nan,nan,nan
2022-09-14 14:00:00,2022,14,9,14,-13.7,5.7,74.5,4.4,52.6,nan,nan,nan
2022-09-14 15:00:00,2022,14,9,15,-13.8,5.5,74.6,4.9,49.2,nan,nan,nan
2022-09-14 16:00:00,2022,14,9,16,-14.1,5.3,74.2,5.1,37.5,nan,nan,nan
2022-09-14 17:00:00,2022,14,9,17,-13.9,6.0,71.6,4.4,49.6,nan,nan,nan
2022-09-14 18:00:00,2022,14,9,18,-13.8,5.5,73.6,4.2,34.9,nan,nan,nan
2022-09-14 19:00:00,2022,14,9,19,-14.0,5.0,74.5,5.0,36.2,nan,nan,nan
2022-09-14 20:00:00,2022,14,9,20,-13.7,6.8,69.2,4.0,45.6,nan,nan,nan
2022-09-14 21:00:00,2022,14,9,21,-13.7,5.0,74.4,4.6,42.5,nan,nan,nan
2022-09-14 22:00:00,2022,14,9,22,-13.9,5.3,72.3,4.7,48.4,nan,nan,nan
2022-09-14 23:00:00,2022,14,9,23,-14.4,6.1,68.8,5.3,70.9,nan,nan,nan
2022-09-15 00:00:00,2022,15,9,0,-13.8,6.0,69.0,5.0,37.3,nan,nan,nan
2022-09-15 01:00:00,2022,15,9,1,-14.1,5.4,71.2,5.2,54.9,nan,nan,nan
2022-09-15 02:00:00,2022,15,9,2,-14.2,5.2,73.0,4.4,56.4,nan,nan,nan
2022-09-15 03:00:00,2022,15,9,3,-14.2,6.0,70.4,5.6,43.7,nan,nan,nan
2022-09-15 04:00:00,2022,15,9,4,-14.4,6.0,71.1,5.3,41.0,nan,nan,nan
2022-09-15 05:00:00,2022,15,9,5,-14.7,5.1,74.1,5.3,39.5,nan,nan,nan
2022-09-15 06:00:00,2022,15,9,6,-14.8,6.0,70.8,4.8,31.0,nan,nan,nan
2022-09-15 07:00:00,2022,15,9,7,-14.6,6.9,66.5,4.0,50.8,nan,nan,nan
2022-09-15 08:00:00,2022,15,9,8,-14.4,5.8,70.2,5.3,40.8,nan,nan,nan
2022-09-15 09:00:00,2022,15,9,9,-14.0,7.1,65.8,3.9,53.3,nan,nan,nan
2022-09-15 10:00:00,2022,15,9,10,-14.0,6.8,66.3,3.8,45.4,nan,nan,nan
2022-09-15 11:00:00,2022,15,9,11,-14.0,5.9,70.0,4.7,44.7,nan,nan,nan
2022-09-15 12:00:00,2022,15,9,12,-13.9,5.9,69.3,4.8,54.2,nan,nan,nan
2022-09-15 13:00:00,2022,15,9,13,-14.2,6.2,67.9,5.5,46.9,nan,nan,nan
2022-09-15 14:00:00,2022,15,9,14,-14.3,6.2,68.0,5.8,42.3,nan,nan,nan
2022-09-15 15:00:00,2022,15,9,15,-14.8,5.8,70.2,5.6,36.2,nan,nan,nan
2022-09-15 16:00:00,2022,15,9,16,-15.3,6.0,69.4,5.5,43.9,nan,nan,nan
2022-09-15 17:00:00,2022,15,9,17,-16.0,5.5,72.7,6.2,39.8,nan,nan,nan
2022-09-15 18:00:00,2022,15,9,18,-15.9,7.8,65.5,1.8,76.5,nan,nan,nan
2022-09-15 19:00:00,2022,15,9,19,-16.1,5.5,73.1,5.5,37.5,nan,nan,nan
2022-09-15 20:00:00,2022,15,9,20,-16.4,6.6,70.6,6.0,63.6,nan,nan,nan
2022-09-15 21:00:00,2022,15,9,21,-16.5,5.5,73.9,6.8,49.4,nan,nan,nan
2022-09-15 22:00:00,2022,15,9,22,-16.8,6.3,71.8,6.4,41.4,nan,nan,nan
2022-09-15 23:00:00,2022,15,9,23,-17.4,5.4,74.8,6.5,54.1,nan,nan,nan
2022-09-16 00:00:00,2022,16,9,0,-18.2,6.4,73.3,6.4,50.9,nan,nan,nan
2022-09-16 01:00:00,2022,16,9,1,-18.8,7.1,69.6,4.8,86.0,nan,nan,nan
2022-09-16 02:00:00,2022,16,9,2,-19.7,5.9,73.3,5.0,53.8,nan,nan,nan
2022-09-16 03:00:00,2022,16,9,3,-20.8,7.3,69.7,5.1,84.1,nan,nan,nan
2022-09-16 04:00:00,2022,16,9,4,-22.0,8.8,64.6,5.6,90.2,nan,nan,nan
2022-09-16 05:00:00,2022,16,9,5,-23.0,8.7,64.8,6.0,96.1,nan,nan,nan
2022-09-16 06:00:00,2022,16,9,6,-23.7,8.9,63.4,6.3,80.2,nan,nan,nan
2022-09-16 07:00:00,2022,16,9,7,-24.6,8.4,67.8,7.9,81.2,nan,nan,nan
2022-09-16 08:00:00,2022,16,9,8,-25.4,10.2,64.8,11.3,70.9,nan,nan,nan
2022-09-16 09:00:00,2022,16,9,9,-25.4,9.8,72.3,8.9,97.1,nan,nan,nan
2022-09-16 10:00:00,2022,16,9,10,-26.1,9.3,78.6,12.1,63.6,nan,nan,nan
2022-09-16 11:00:00,2022,16,9,11,-26.6,9.5,78.7,12.7,70.1,nan,nan,nan
2022-09-16 12:00:00,2022,16,9,12,-27.4,9.1,80.6,13.9,65.5,nan,nan,nan
2022-09-16 13:00:00,2022,16,9,13,-27.5,9.7,76.6,13.3,66.1,nan,nan,nan
2022-09-16 14:00:00,2022,16,9,14,-28.1,9.7,76.4,13.7,66.8,nan,nan,nan
2022-09-16 15:00:00,2022,16,9,15,-29.0,9.6,80.0,13.6,69.6,nan,nan,nan
2022-09-16 16:00:00,2022,16,9,16,-29.1,9.5,76.3,13.6,64.3,nan,nan,nan
2022-09-16 17:00:00,2022,16,9,17,-29.0,9.3,85.6,12.5,67.7,nan,nan,nan
2022-09-16 18:00:00,2022,16,9,18,-29.3,10.1,78.6,12.1,66.1,nan,nan,nan
2022-09-16 19:00:00,2022,16,9,19,-29.7,11.2,66.0,13.0,78.3,nan,nan,nan
2022-09-16 20:00:00,2022,16,9,20,-29.7,10.9,70.3,12.1,57.7,nan,nan,nan
2022-09-16 21:00:00,2022,16,9,21,-29.3,9.6,79.1,13.3,76.0,nan,nan,nan
2022-09-16 22:00:00,2022,16,9,22,-29.4,9.9,75.0,13.9,81.4,nan,nan,nan
2022-09-16 23:00:00,2022,16,9,23,-30.2,10.3,67.6,15.3,58.6,nan,nan,nan
2022-09-17 00:00:00,2022,17,9,0,-30.6,10.4,63.1,13.0,70.4,nan,nan,nan
2022-09-17 01:00:00,2022,17,9,1,-30.6,10.1,64.6,12.5,70.0,nan,nan,nan
2022-09-17 02:00:00,2022,17,9,2,-30.7,9.6,69.6,13.3,78.6,nan,nan,nan
2022-09-17 03:00:00,2022,17,9,3,-30.7,9.2,71.2,13.0,72.6,nan,nan,nan
2022-09-17 04:00:00,2022,17,9,4,-31.5,9.5,68.6,14.6,73.2,nan,nan,nan
2022-09-17 05:00:00,2022,17,9,5,-32.4,10.3,61.9,15.7,70.7,nan,nan,nan
2022-09-17 06:00:00,2022,17,9,6,-32.5,10.1,58.4,14.8,65.1,nan,nan,nan
2022-09-17 07:00:00,2022,17,9,7,-32.6,10.7,55.1,13.6,69.4,nan,nan,nan
2022-09-17 08:00:00,2022,17,9,8,-32.5,10.6,55.6,14.2,72.6,nan,nan,nan
2022-09-17 09:00:00,2022,17,9,9,-33.0,10.2,57.4,14.9,71.3,nan,nan,nan
2022-09-17 10:00:00,2022,17,9,10,-33.1,10.7,57.2,15.6,64.8,nan,nan,nan
2022-09-17 11:00:00,2022,17,9,11,-33.6,10.3,60.5,15.8,67.9,nan,nan,nan
2022-09-17 12:00:00,2022,17,9,12,-33.0,8.8,70.5,15.8,70.6,nan,nan,nan
2022-09-17 13:00:00,2022,17,9,13,-33.4,9.3,68.4,16.1,53.8,nan,nan,nan
2022-09-17 14:00:00,2022,17,9,14,-34.3,9.6,67.2,16.6,61.7,nan,nan,nan
2022-09-17 15:00:00,2022,17,9,15,-35.2,11.0,58.4,15.3,69.7,nan,nan,nan
2022-09-17 16:00:00,2022,17,9,16,-35.3,10.1,59.3,12.9,58.4,nan,nan,nan
2022-09-17 17:00:00,2022,17,9,17,-34.6,10.2,57.4,9.1,86.1,nan,nan,nan
2022-09-17 18:00:00,2022,17,9,18,-35.0,10.1,59.1,10.9,68.2,nan,nan,nan
2022-09-17 19:00:00,2022,17,9,19,-35.4,10.0,57.6,10.1,87.0,nan,nan,nan
2022-09-17 20:00:00,2022,17,9,20,-35.2,9.6,56.9,9.2,103.2,nan,nan,nan
2022-09-17 21:00:00,2022,17,9,21,-34.6,9.7,55.5,8.1,90.2,nan,nan,nan
2022-09-17 22:00:00,2022,17,9,22,-34.9,10.1,52.8,8.8,94.1,nan,nan,nan
2022-09-17 23:00:00,2022,17,9,23,-35.4,9.6,53.4,7.7,84.1,nan,nan,nan
2022-09-18 00:00:00,2022,18,9,0,-36.0,10.2,51.0,9.0,69.1,nan,nan,nan
2022-09-18 01:00:00,2022,18,9,1,-36.5,11.1,47.7,10.7,74.1,nan,nan,nan
2022-09-18 02:00:00,2022,18,9,2,-36.4,10.2,51.2,5.9,97.3,nan,nan,nan
2022-09-18 03:00:00,2022,18,9,3,-36.8,9.2,58.6,5.6,95.2,nan,nan,nan
2022-09-18 04:00:00,2022,18,9,4,-36.9,7.3,69.1,5.7,45.6,nan,nan,nan
2022-09-18 05:00:00,2022,18,9,5,-37.4,9.8,54.2,8.0,85.1,nan,nan,nan
2022-09-18 06:00:00,2022,18,9,6,-37.4,9.1,56.2,6.8,82.7,nan,nan,nan
2022-09-18 07:00:00,2022,18,9,7,-37.2,9.3,54.0,8.2,101.3,nan,nan,nan
2022-09-18 08:00:00,2022,18,9,8,-36.7,9.4,54.2,5.7,111.5,nan,nan,nan
2022-09-18 09:00:00,2022,18,9,9,-36.3,9.7,56.1,7.3,104.4,nan,nan,nan
2022-09-18 10:00:00,2022,18,9,10,-36.1,8.2,59.4,6.3,81.3,nan,nan,nan
2022-09-18 11:00:00,2022,18,9,11,-35.8,7.9,60.6,6.3,71.6,nan,nan,nan
2022-09-18 12:00:00,2022,18,9,12,-35.5,10.0,53.5,8.0,101.0,nan,nan,nan
2022-09-18 13:00:00,2022,18,9,13,-35.6,11.1,48.8,7.6,83.5,nan,nan,nan
2022-09-18 14:00:00,2022,18,9,14,-35.5,8.4,57.7,5.9,87.4,nan,nan,nan
2022-09-18 15:00:00,2022,18,9,15,-35.2,7.2,63.1,5.5,60.7,nan,nan,nan
2022-09-18 16:00:00,2022,18,9,16,-34.8,8.3,60.9,5.3,60.5,nan,nan,nan
2022-09-18 17:00:00,2022,18,9,17,-34.4,5.9,69.5,5.5,47.8,nan,nan,nan
2022-09-18 18:00:00,2022,18,9,18,-33.9,6.5,69.3,4.7,61.2,nan,nan,nan
2022-09-18 19:00:00,2022,18,9,19,-34.0,5.0,78.3,6.1,43.7,nan,nan,nan
2022-09-18 20:00:00,2022,18,9,20,-34.5,7.2,69.8,8.3,37.2,nan,nan,nan
2022-09-18 21:00:00,2022,18,9,21,-33.2,7.0,68.1,5.8,84.0,nan,nan,nan
2022-09-18 22:00:00,2022,18,9,22,-33.4,7.8,67.4,4.9,72.6,nan,nan,nan
2022-09-18 23:00:00,2022,18,9,23,-32.8,8.5,63.0,6.1,84.5,nan,nan,nan
2022-09-19 00:00:00,2022,19,9,0,-32.9,9.1,57.5,6.6,86.3,nan,nan,nan
2022-09-19 01:00:00,2022,19,9,1,-32.6,7.5,61.5,5.9,90.1,nan,nan,nan
2022-09-19 02:00:00,2022,19,9,2,-32.6,5.9,67.5,5.5,54.4,nan,nan,nan
2022-09-19 03:00:00,2022,19,9,3,-32.6,6.7,64.4,6.0,62.2,nan,nan,nan
2022-09-19 04:00:00,2022,19,9,4,-32.7,6.9,63.6,5.8,55.9,nan,nan,nan
2022-09-19 05:00:00,2022,19,9,5,-32.8,6.9,63.5,6.3,47.8,nan,nan,nan
2022-09-19 06:00:00,2022,19,9,6,-32.5,6.7,64.3,6.9,50.9,nan,nan,nan
2022-09-19 07:00:00,2022,19,9,7,-32.5,7.0,66.3,6.5,52.5,nan,nan,nan
2022-09-19 08:00:00,2022,19,9,8,-32.2,7.2,68.2,6.1,97.9,nan,nan,nan
2022-09-19 09:00:00,2022,19,9,9,-32.2,7.4,62.6,5.5,98.6,nan,nan,nan
2022-09-19 10:00:00,2022,19,9,10,-32.2,7.8,60.5,5.7,70.6,nan,nan,nan
2022-09-19 11:00:00,2022,19,9,11,-31.6,7.1,62.8,5.1,49.8,nan,nan,nan
2022-09-19 12:00:00,2022,19,9,12,-31.2,7.2,64.4,4.7,67.4,nan,nan,nan
2022-09-19 13:00:00,2022,19,9,13,-30.9,7.2,64.9,4.4,72.1,nan,nan,nan
2022-09-19 14:00:00,2022,19,9,14,-30.9,6.3,68.5,5.4,56.7,nan,nan,nan
2022-09-19 15:00:00,2022,19,9,15,-30.5,5.4,72.6,4.5,48.6,nan,nan,nan
2022-09-19 16:00:00,2022,19,9,16,-30.0,6.0,73.0,3.8,52.0,nan,nan,nan
2022-09-19 17:00:00,2022,19,9,17,-29.9,6.0,75.4,2.0,342.8,nan,nan,nan
2022-09-19 18:00:00,2022,19,9,18,-30.0,4.1,78.5,3.4,18.4,nan,nan,nan
2022-09-19 19:00:00,2022,19,9,19,-29.9,5.6,74.5,1.1,62.3,nan,nan,nan
2022-09-19 20:00:00,2022,19,9,20,-29.8,6.0,71.3,1.2,81.8,nan,nan,nan
2022-09-19 21:00:00,2022,19,9,21,-29.8,4.6,76.4,0.7,28.2,nan,nan,nan
2022-09-19 22:00:00,2022,19,9,22,-29.7,5.1,72.8,3.0,47.9,nan,nan,nan
2022-09-19 23:00:00,2022,19,9,23,-29.7,5.8,70.2,1.2,37.8,nan,nan,nan
2022-09-20 00:00:00,2022,20,9,0,-29.4,6.7,68.2,3.3,77.2,nan,nan,nan
2022-09-20 01:00:00,2022,20,9,1,-29.4,4.3,78.2,3.8,65.8,nan,nan,nan
2022-09-20 02:00:00,2022,20,9,2,-29.5,4.2,77.4,3.3,59.5,nan,nan,nan
2022-09-20 03:00:00,2022,20,9,3,-29.7,4.2,83.4,3.3,58.4,nan,nan,nan
2022-09-20 04:00:00,2022,20,9,4,-29.8,3.0,80.9,3.4,67.2,nan,nan,nan
2022-09-20 05:00:00,2022,20,9,5,-29.7,4.5,77.9,1.2,44.8,nan,nan,nan
2022-09-20 06:00:00,2022,20,9,6,-29.7,3.0,83.0,2.3,318.1,nan,nan,nan
2022-09-20 07:00:00,2022,20,9,7,-29.6,2.2,86.9,1.9,345.0,nan,nan,nan
2022-09-20 08:00:00,2022,20,9,8,-29.4,2.5,83.2,1.2,44.2,nan,nan,nan
2022-09-20 09:00:00,2022,20,9,9,-29.0,3.3,85.5,0.5,273.5,nan,nan,nan
2022-09-20 10:00:00,2022,20,9,10,-29.2,4.5,77.0,3.1,110.1,nan,nan,nan
2022-09-20 11:00:00,2022,20,9,11,-28.6,4.9,72.2,0.5,253.5,nan,nan,nan
2022-09-20 12:00:00,2022,20,9,12,-28.4,4.0,77.6,0.5,15.6,nan,nan,nan
2022-09-20 13:00:00,2022,20,9,13,-28.3,3.9,78.4,1.2,6.9,nan,nan,nan
2022-09-20 14:00:00,2022,20,9,14,-28.1,4.8,72.6,nan,nan,nan,nan,nan
2022-09-20 15:00:00,2022,20,9,15,-28.2,5.2,70.3,1.2,6.5,nan,nan,nan
2022-09-20 16:00:00,2022,20,9,16,-28.3,5.8,74.2,0.8,13.1,nan,nan,nan
2022-09-20 17:00:00,2022,20,9,17,-28.3,6.4,66.7,1.1,85.8,nan,nan,nan
2022-09-20 18:00:00,2022,20,9,18,-28.2,5.8,77.4,2.6,280.6,nan,nan,nan
2022-09-20 19:00:00,2022,20,9,19,-27.9,5.7,71.9,2.0,338.8,nan,nan,nan
2022-09-20 20:00:00,2022,20,9,20,-27.6,4.4,78.7,4.4,319.2,nan,nan,nan
2022-09-20 21:00:00,2022,20,9,21,-27.2,4.5,81.1,2.3,288.6,nan,nan,nan
2022-09-20 22:00:00,2022,20,9,22,-27.1,3.7,82.4,3.5,295.3,nan,nan,nan
2022-09-20 23:00:00,2022,20,9,23,-26.7,4.2,78.1,1.2,290.3,nan,nan,nan
2022-09-21 00:00:00,2022,21,9,0,-26.5,4.7,64.4,7.5,15.4,nan,nan,nan
2022-09-21 01:00:00,2022,21,9,1,-25.6,4.4,63.6,3.4,313.1,nan,nan,nan
2022-09-21 02:00:00,2022,21,9,2,-25.6,3.4,71.7,3.7,322.9,nan,nan,nan
2022-09-21 03:00:00,2022,21,9,3,-25.8,2.3,86.8,7.3,286.9,nan,nan,nan
2022-09-21 04:00:00,2022,21,9,4,-25.5,3.2,72.2,4.8,275.9,nan,nan,nan
2022-09-21 05:00:00,2022,21,9,5,-25.0,2.0,68.4,1.7,53.4,nan,nan,nan
2022-09-21 06:00:00,2022,21,9,6,-24.5,2.5,75.0,1.7,280.1,nan,nan,nan
2022-09-21 07:00:00,2022,21,9,7,-23.8,2.2,84.0,4.2,292.2,nan,nan,nan
2022-09-21 08:00:00,2022,21,9,8,-23.4,3.1,75.1,1.1,329.8,nan,nan,nan
2022-09-21 09:00:00,2022,21,9,9,-22.5,5.0,54.0,1.1,325.2,nan,nan,nan
2022-09-21 10:00:00,2022,21,9,10,-21.7,4.0,68.0,0.6,80.1,nan,nan,nan
2022-09-21 11:00:00,2022,21,9,11,-20.8,3.6,75.1,4.0,267.4,nan,nan,nan
2022-09-21 12:00:00,2022,21,9,12,-20.2,5.1,61.2,2.6,345.0,nan,nan,nan
2022-09-21 13:00:00,2022,21,9,13,-19.7,5.5,59.9,0.6,329.3,nan,nan,nan
2022-09-21 14:00:00,2022,21,9,14,-19.5,4.6,70.5,2.4,12.4,nan,nan,nan
2022-09-21 15:00:00,2022,21,9,15,-19.0,6.5,58.9,nan,nan,nan,nan,nan
2022-09-21 16:00:00,2022,21,9,16,-18.8,5.3,62.0,2.5,43.8,nan,nan,nan
2022-09-21 17:00:00,2022,21,9,17,-18.5,4.7,71.8,3.4,33.7,nan,nan,nan
2022-09-21 18:00:00,2022,21,9,18,-18.5,4.2,73.6,3.7,55.6,nan,nan,nan
2022-09-21 19:00:00,2022,21,9,19,-18.3,4.6,72.6,3.9,66.3,nan,nan,nan
2022-09-21 20:00:00,2022,21,9,20,-18.1,3.8,76.4,3.6,67.7,nan,nan,nan
2022-09-21 21:00:00,2022,21,9,21,-18.3,3.9,76.6,4.0,67.4,nan,nan,nan
2022-09-21 22:00:00,2022,21,9,22,-18.0,4.6,74.2,3.4,80.1,nan,nan,nan
2022-09-21 23:00:00,2022,21,9,23,-17.6,4.0,77.3,3.5,62.2,nan,nan,nan
2022-09-22 00:00:00,2022,22,9,0,-17.6,3.9,77.0,3.8,72.9,nan,nan,nan
2022-09-22 01:00:00,2022,22,9,1,-17.3,3.4,79.0,3.9,62.6,nan,nan,nan
2022-09-22 02:00:00,2022,22,9,2,-17.3,3.4,80.1,3.3,54.8,nan,nan,nan
2022-09-22 03:00:00,2022,22,9,3,-17.4,3.3,81.4,4.4,58.5,nan,nan,nan
2022-09-22 04:00:00,2022,22,9,4,-17.5,3.1,83.7,4.0,65.7,nan,nan,nan
2022-09-22 05:00:00,2022,22,9,5,-17.4,4.3,78.2,4.3,61.1,nan,nan,nan
2022-09-22 06:00:00,2022,22,9,6,-17.0,4.0,80.6,4.0,60.4,nan,nan,nan
2022-09-22 07:00:00,2022,22,9,7,-16.9,4.4,81.5,4.1,61.0,nan,nan,nan
2022-09-22 08:00:00,2022,22,9,8,-16.9,4.1,83.3,4.4,64.9,nan,nan,nan
2022-09-22 09:00:00,2022,22,9,9,-16.6,3.5,86.5,4.0,60.4,nan,nan,nan
2022-09-22 10:00:00,2022,22,9,10,-16.5,3.0,87.8,3.4,79.8,nan,nan,nan
2022-09-22 11:00:00,2022,22,9,11,-15.9,3.2,88.0,3.8,63.5,nan,nan,nan
2022-09-22 12:00:00,2022,22,9,12,-15.7,3.6,86.4,3.8,76.2,nan,nan,nan
2022-09-22 13:00:00,2022,22,9,13,-15.6,3.6,86.4,3.9,80.2,nan,nan,nan
2022-09-22 14:00:00,2022,22,9,14,-15.7,4.1,85.2,4.7,80.5,nan,nan,nan
2022-09-22 15:00:00,2022,22,9,15,-15.6,3.7,89.0,4.3,74.0,nan,nan,nan
2022-09-22 16:00:00,2022,22,9,16,-15.9,3.5,94.8,5.0,80.2,nan,nan,nan
2022-09-22 17:00:00,2022,22,9,17,-15.6,3.2,95.7,4.4,73.5,nan,nan,nan
2022-09-22 18:00:00,2022,22,9,18,-15.3,3.0,97.4,4.3,70.8,nan,nan,nan
2022-09-22 19:00:00,2022,22,9,19,-15.3,3.3,96.5,4.3,64.6,nan,nan,nan
2022-09-22 20:00:00,2022,22,9,20,-15.2,3.2,97.3,4.2,69.9,nan,nan,nan
2022-09-22 21:00:00,2022,22,9,21,-15.1,3.7,98.6,4.6,82.4,nan,nan,nan
2022-09-22 22:00:00,2022,22,9,22,-15.0,3.3,98.9,4.2,75.5,nan,nan,nan
2022-09-22 23:00:00,2022,22,9,23,-15.0,3.7,99.2,4.9,70.7,nan,nan,nan
2022-09-23 00:00:00,2022,23,9,0,-15.0,3.3,97.9,3.8,74.8,nan,nan,nan
2022-09-23 01:00:00,2022,23,9,1,-15.3,3.6,99.0,4.3,84.1,nan,nan,nan
2022-09-23 02:00:00,2022,23,9,2,-15.3,3.4,99.2,4.7,63.4,nan,nan,nan
2022-09-23 03:00:00,2022,23,9,3,-15.6,3.6,98.8,5.5,80.6,nan,nan,nan
2022-09-23 04:00:00,2022,23,9,4,-15.9,3.7,98.4,5.3,84.0,nan,nan,nan
2022-09-23 05:00:00,2022,23,9,5,-16.3,4.0,98.4,4.9,70.5,nan,nan,nan
2022-09-23 06:00:00,2022,23,9,6,-16.4,3.9,98.0,5.3,76.9,nan,nan,nan
2022-09-23 07:00:00,2022,23,9,7,-16.4,4.1,99.6,5.6,83.4,nan,nan,nan
2022-09-23 08:00:00,2022,23,9,8,-16.9,3.9,99.7,5.8,78.0,nan,nan,nan
2022-09-23 09:00:00,2022,23,9,9,-17.5,3.7,99.8,5.8,81.2,nan,nan,nan
2022-09-23 10:00:00,2022,23,9,10,-18.0,3.6,99.5,6.6,78.8,nan,nan,nan
2022-09-23 11:00:00,2022,23,9,11,-17.9,4.2,99.8,5.8,67.5,nan,nan,nan
2022-09-23 12:00:00,2022,23,9,12,-18.3,4.4,99.7,5.8,73.3,nan,nan,nan
2022-09-23 13:00:00,2022,23,9,13,-19.0,4.8,100.0,5.6,77.3,nan,nan,nan
2022-09-23 14:00:00,2022,23,9,14,-19.6,4.8,99.7,5.3,72.5,nan,nan,nan
2022-09-23 15:00:00,2022,23,9,15,-20.2,4.7,100.0,4.8,59.8,nan,nan,nan
2022-09-23 16:00:00,2022,23,9,16,-20.3,4.7,100.0,4.6,70.9,nan,nan,nan
2022-09-23 17:00:00,2022,23,9,17,-20.3,4.8,100.0,5.1,68.5,nan,nan,nan
2022-09-23 18:00:00,2022,23,9,18,-21.2,4.8,100.0,5.3,77.0,nan,nan,nan
2022-09-23 19:00:00,2022,23,9,19,-21.3,5.0,99.7,4.5,84.2,nan,nan,nan
2022-09-23 20:00:00,2022,23,9,20,-21.5,4.6,100.0,4.9,89.2,nan,nan,nan
2022-09-23 21:00:00,2022,23,9,21,-22.4,5.0,100.0,4.9,76.5,nan,nan,nan
2022-09-23 22:00:00,2022,23,9,22,-22.6,4.8,100.0,5.1,70.9,nan,nan,nan
2022-09-23 23:00:00,2022,23,9,23,-23.2,6.1,100.0,5.2,81.0,nan,nan,nan
2022-09-24 00:00:00,2022,24,9,0,-23.9,5.4,100.0,4.4,64.9,nan,nan,nan
2022-09-24 01:00:00,2022,24,9,1,-24.7,5.9,100.0,5.0,78.8,nan,nan,nan
2022-09-24 02:00:00,2022,24,9,2,-25.2,6.7,100.0,4.3,81.6,nan,nan,nan
2022-09-24 03:00:00,2022,24,9,3,-26.7,5.5,100.0,5.4,86.8,nan,nan,nan
2022-09-24 04:00:00,2022,24,9,4,-28.5,6.3,100.0,4.8,85.5,nan,nan,nan
2022-09-24 05:00:00,2022,24,9,5,-29.0,5.8,100.0,4.5,102.0,nan,nan,nan
2022-09-24 06:00:00,2022,24,9,6,-29.7,5.8,100.0,3.8,85.1,nan,nan,nan
2022-09-24 07:00:00,2022,24,9,7,-29.4,6.2,100.0,4.0,103.9,nan,nan,nan
2022-09-24 08:00:00,2022,24,9,8,-29.8,4.9,100.0,4.4,73.8,nan,nan,nan
2022-09-24 09:00:00,2022,24,9,9,-29.6,4.5,100.0,4.8,85.1,nan,nan,nan
2022-09-24 10:00:00,2022,24,9,10,-28.6,4.2,100.0,4.6,93.6,nan,nan,nan
2022-09-24 11:00:00,2022,24,9,11,-26.9,4.8,100.0,4.7,64.1,nan,nan,nan
2022-09-24 12:00:00,2022,24,9,12,-25.4,4.3,100.0,4.8,59.2,nan,nan,nan
2022-09-24 13:00:00,2022,24,9,13,-23.1,3.5,97.5,2.6,56.8,nan,nan,nan
2022-09-24 14:00:00,2022,24,9,14,-22.0,3.2,96.5,4.8,25.2,nan,nan,nan
2022-09-24 15:00:00,2022,24,9,15,-20.9,5.2,92.1,0.8,60.9,nan,nan,nan
2022-09-24 16:00:00,2022,24,9,16,-19.4,5.6,88.4,1.4,312.9,nan,nan,nan
2022-09-24 17:00:00,2022,24,9,17,-18.0,5.0,95.4,4.1,350.7,nan,nan,nan
2022-09-24 18:00:00,2022,24,9,18,-16.7,5.4,94.4,0.3,139.8,nan,nan,nan
2022-09-24 19:00:00,2022,24,9,19,-16.0,5.0,91.4,1.4,57.4,nan,nan,nan
2022-09-24 20:00:00,2022,24,9,20,-14.6,5.8,83.9,1.9,51.8,nan,nan,nan
2022-09-24 21:00:00,2022,24,9,21,-14.0,4.5,84.2,2.6,58.9,nan,nan,nan
2022-09-24 22:00:00,2022,24,9,22,-14.3,4.1,94.2,3.6,78.8,nan,nan,nan
2022-09-24 23:00:00,2022,24,9,23,-14.3,5.1,85.2,4.8,69.3,nan,nan,nan
2022-09-25 00:00:00,2022,25,9,0,-14.0,6.5,75.9,2.1,50.8,nan,nan,nan
2022-09-25 01:00:00,2022,25,9,1,-13.9,6.5,83.2,0.7,62.7,nan,nan,nan
2022-09-25 02:00:00,2022,25,9,2,-14.1,5.1,75.8,nan,nan,nan,nan,nan
2022-09-25 03:00:00,2022,25,9,3,-15.0,3.9,79.9,4.6,56.3,nan,nan,nan
2022-09-25 04:00:00,2022,25,9,4,-14.8,7.2,58.2,6.4,69.5,nan,nan,nan
2022-09-25 05:00:00,2022,25,9,5,-14.5,6.0,63.1,5.5,68.8,nan,nan,nan
2022-09-25 06:00:00,2022,25,9,6,-15.7,5.4,61.9,5.8,92.3,nan,nan,nan
2022-09-25 07:00:00,2022,25,9,7,-15.9,6.9,52.7,6.9,81.4,nan,nan,nan
2022-09-25 08:00:00,2022,25,9,8,-16.8,6.6,55.5,6.2,82.0,nan,nan,nan
2022-09-25 09:00:00,2022,25,9,9,-17.8,7.4,51.1,7.2,94.6,nan,nan,nan
2022-09-25 10:00:00,2022,25,9,10,-17.8,6.5,55.3,5.5,89.9,nan,nan,nan
2022-09-25 11:00:00,2022,25,9,11,-17.5,6.5,58.3,5.6,89.2,nan,nan,nan
2022-09-25 12:00:00,2022,25,9,12,-19.3,8.2,73.4,10.1,79.9,nan,nan,nan
2022-09-25 13:00:00,2022,25,9,13,-20.1,7.9,85.3,9.8,83.7,nan,nan,nan
2022-09-25 14:00:00,2022,25,9,14,-21.0,7.3,94.4,9.9,91.6,nan,nan,nan
2022-09-25 15:00:00,2022,25,9,15,-22.8,8.8,99.3,9.6,86.5,nan,nan,nan
2022-09-25 16:00:00,2022,25,9,16,-21.6,9.0,100.0,1.8,35.4,nan,nan,nan
2022-09-25 17:00:00,2022,25,9,17,-21.2,6.6,99.8,2.9,54.4,nan,nan,nan
2022-09-25 18:00:00,2022,25,9,18,-21.6,7.8,100.0,3.4,59.7,nan,nan,nan
2022-09-25 19:00:00,2022,25,9,19,-21.1,8.7,100.0,4.2,116.6,nan,nan,nan
2022-09-25 20:00:00,2022,25,9,20,-20.7,6.7,100.0,4.4,47.2,nan,nan,nan
2022-09-25 21:00:00,2022,25,9,21,-21.0,5.5,97.8,3.2,36.0,nan,nan,nan
2022-09-25 22:00:00,2022,25,9,22,-21.6,5.2,100.0,4.6,42.0,nan,nan,nan
2022-09-25 23:00:00,2022,25,9,23,-23.0,5.0,98.4,5.9,35.8,nan,nan,nan
2022-09-26 00:00:00,2022,26,9,0,-23.5,6.1,100.0,5.9,49.2,nan,nan,nan
2022-09-26 01:00:00,2022,26,9,1,-22.8,7.6,97.5,3.2,64.5,nan,nan,nan
2022-09-26 02:00:00,2022,26,9,2,-23.0,8.5,100.0,3.3,79.0,nan,nan,nan
2022-09-26 03:00:00,2022,26,9,3,-22.8,7.7,100.0,3.3,115.9,nan,nan,nan
2022-09-26 04:00:00,2022,26,9,4,-22.2,8.0,100.0,2.9,119.4,nan,nan,nan
2022-09-26 05:00:00,2022,26,9,5,-22.6,7.1,100.0,4.6,151.8,nan,nan,nan
2022-09-26 06:00:00,2022,26,9,6,-22.8,6.7,100.0,3.2,110.7,nan,nan,nan
2022-09-26 07:00:00,2022,26,9,7,-23.0,7.1,100.0,5.7,137.0,nan,nan,nan
2022-09-26 08:00:00,2022,26,9,8,-22.9,6.6,100.0,3.2,146.9,nan,nan,nan
2022-09-26 09:00:00,2022,26,9,9,-23.0,6.4,100.0,3.0,131.9,nan,nan,nan
2022-09-26 10:00:00,2022,26,9,10,-22.8,6.2,100.0,5.0,133.7,nan,nan,nan
2022-09-26 11:00:00,2022,26,9,11,-22.5,4.7,100.0,3.6,93.0,nan,nan,nan
2022-09-26 12:00:00,2022,26,9,12,-22.3,5.8,100.0,5.8,130.4,nan,nan,nan
2022-09-26 13:00:00,2022,26,9,13,-21.8,5.9,100.0,5.4,142.4,nan,nan,nan
2022-09-26 14:00:00,2022,26,9,14,-21.3,5.8,100.0,4.8,168.6,nan,nan,nan
2022-09-26 15:00:00,2022,26,9,15,-21.0,5.5,100.0,3.9,152.7,nan,nan,nan
2022-09-26 16:00:00,2022,26,9,16,-20.5,4.6,100.0,3.7,108.3,nan,nan,nan
2022-09-26 17:00:00,2022,26,9,17,-20.4,4.3,100.0,3.8,95.8,nan,nan,nan
2022-09-26 18:00:00,2022,26,9,18,-20.2,4.7,100.0,3.6,106.6,nan,nan,nan
2022-09-26 19:00:00,2022,26,9,19,-19.6,4.8,100.0,3.9,143.4,nan,nan,nan
2022-09-26 20:00:00,2022,26,9,20,-19.4,5.1,100.0,4.7,141.6,nan,nan,nan
2022-09-26 21:00:00,2022,26,9,21,-19.0,5.1,100.0,4.0,172.4,nan,nan,nan
2022-09-26 22:00:00,2022,26,9,22,-18.3,4.5,100.0,3.5,145.8,nan,nan,nan
2022-09-26 23:00:00,2022,26,9,23,-18.1,4.3,100.0,4.5,136.9,nan,nan,nan
2022-09-27 00:00:00,2022,27,9,0,-17.9,4.2,100.0,3.5,145.4,nan,nan,nan
2022-09-27 01:00:00,2022,27,9,1,-18.2,4.3,100.0,4.6,138.5,nan,nan,nan
2022-09-27 02:00:00,2022,27,9,2,-18.3,4.4,100.0,5.7,124.3,nan,nan,nan
2022-09-27 03:00:00,2022,27,9,3,-18.3,4.0,100.0,4.1,120.5,nan,nan,nan
2022-09-27 04:00:00,2022,27,9,4,-18.5,4.3,100.0,4.7,119.4,nan,nan,nan
2022-09-27 05:00:00,2022,27,9,5,-18.4,3.7,100.0,3.8,98.5,nan,nan,nan
2022-09-27 06:00:00,2022,27,9,6,-18.5,4.2,100.0,4.2,99.7,nan,nan,nan
2022-09-27 07:00:00,2022,27,9,7,-18.3,4.9,100.0,3.4,132.4,nan,nan,nan
2022-09-27 08:00:00,2022,27,9,8,-18.6,3.6,100.0,3.5,74.5,nan,nan,nan
2022-09-27 09:00:00,2022,27,9,9,-18.7,3.9,100.0,3.7,87.2,nan,nan,nan
2022-09-27 10:00:00,2022,27,9,10,-18.6,3.2,100.0,4.0,80.0,nan,nan,nan
2022-09-27 11:00:00,2022,27,9,11,-18.6,3.3,100.0,4.6,82.0,nan,nan,nan
2022-09-27 12:00:00,2022,27,9,12,-18.8,3.1,100.0,5.0,73.8,nan,nan,nan
2022-09-27 13:00:00,2022,27,9,13,-18.8,2.8,98.5,5.6,82.7,nan,nan,nan
2022-09-27 14:00:00,2022,27,9,14,-19.1,2.7,100.0,4.9,78.0,nan,nan,nan
2022-09-27 15:00:00,2022,27,9,15,-19.2,2.9,99.0,4.5,79.4,nan,nan,nan
2022-09-27 16:00:00,2022,27,9,16,-19.3,3.0,97.1,4.2,78.0,nan,nan,nan
2022-09-27 17:00:00,2022,27,9,17,-19.3,3.7,96.8,4.8,61.4,nan,nan,nan
2022-09-27 18:00:00,2022,27,9,18,-19.2,3.9,94.7,4.5,68.5,nan,nan,nan
2022-09-27 19:00:00,2022,27,9,19,-19.3,3.3,95.8,3.9,65.7,nan,nan,nan
2022-09-27 20:00:00,2022,27,9,20,-19.0,3.7,94.1,3.9,58.6,nan,nan,nan
2022-09-27 21:00:00,2022,27,9,21,-18.7,3.7,93.1,3.9,58.8,nan,nan,nan
2022-09-27 22:00:00,2022,27,9,22,-18.9,3.5,93.9,4.3,56.6,nan,nan,nan
2022-09-27 23:00:00,2022,27,9,23,-19.0,3.6,93.7,3.2,60.5,nan,nan,nan
2022-09-28 00:00:00,2022,28,9,0,-18.6,4.1,94.5,1.6,4.3,nan,nan,nan
2022-09-28 01:00:00,2022,28,9,1,-18.5,3.8,98.1,0.9,32.7,nan,nan,nan
2022-09-28 02:00:00,2022,28,9,2,-18.4,4.4,99.8,0.9,43.9,nan,nan,nan
2022-09-28 03:00:00,2022,28,9,3,-18.5,3.7,99.6,1.5,354.3,nan,nan,nan
2022-09-28 04:00:00,2022,28,9,4,-18.3,4.2,100.0,0.6,54.6,nan,nan,nan
2022-09-28 05:00:00,2022,28,9,5,-18.0,3.9,100.0,1.6,42.6,nan,nan,nan
2022-09-28 06:00:00,2022,28,9,6,-18.1,3.8,100.0,1.4,31.8,nan,nan,nan
2022-09-28 07:00:00,2022,28,9,7,-18.3,2.7,100.0,2.5,39.1,nan,nan,nan
2022-09-28 08:00:00,2022,28,9,8,-18.3,3.3,100.0,1.9,70.6,nan,nan,nan
2022-09-28 09:00:00,2022,28,9,9,-18.8,2.2,98.7,2.5,64.3,nan,nan,nan
2022-09-28 10:00:00,2022,28,9,10,-19.6,2.7,98.9,1.9,56.1,nan,nan,nan
2022-09-28 11:00:00,2022,28,9,11,-20.3,2.6,100.0,2.6,39.6,nan,nan,nan
2022-09-28 12:00:00,2022,28,9,12,-21.7,2.3,100.0,3.5,47.9,nan,nan,nan
2022-09-28 13:00:00,2022,28,9,13,-23.3,3.0,98.8,3.6,69.7,nan,nan,nan
2022-09-28 14:00:00,2022,28,9,14,-24.9,3.5,96.6,2.8,82.7,nan,nan,nan
2022-09-28 15:00:00,2022,28,9,15,-25.7,3.5,96.3,0.7,338.7,nan,nan,nan
2022-09-28 16:00:00,2022,28,9,16,-27.1,3.7,96.2,1.6,323.8,nan,nan,nan
2022-09-28 17:00:00,2022,28,9,17,-27.5,3.4,95.2,0.9,346.0,nan,nan,nan
2022-09-28 18:00:00,2022,28,9,18,-28.8,2.5,92.8,3.5,33.3,nan,nan,nan
2022-09-28 19:00:00,2022,28,9,19,-29.6,3.9,86.7,2.8,89.9,nan,nan,nan
2022-09-28 20:00:00,2022,28,9,20,-30.0,3.4,93.6,0.8,64.3,nan,nan,nan
2022-09-28 21:00:00,2022,28,9,21,-30.3,3.2,93.5,0.6,9.4,nan,nan,nan
2022-09-28 22:00:00,2022,28,9,22,-30.5,3.0,94.8,1.9,310.9,nan,nan,nan
2022-09-28 23:00:00,2022,28,9,23,-30.4,2.8,97.8,0.7,312.5,nan,nan,nan
2022-09-29 00:00:00,2022,29,9,0,-30.5,2.8,96.3,0.7,333.1,nan,nan,nan
2022-09-29 01:00:00,2022,29,9,1,-30.6,2.7,97.9,1.0,4.8,nan,nan,nan
2022-09-29 02:00:00,2022,29,9,2,-30.6,2.9,100.0,1.3,44.8,nan,nan,nan
2022-09-29 03:00:00,2022,29,9,3,-30.8,2.1,100.0,2.6,57.1,nan,nan,nan
2022-09-29 04:00:00,2022,29,9,4,-30.6,1.9,100.0,2.9,62.5,nan,nan,nan
2022-09-29 05:00:00,2022,29,9,5,-30.6,2.0,100.0,2.8,67.9,nan,nan,nan
2022-09-29 06:00:00,2022,29,9,6,-30.7,2.0,100.0,3.2,57.0,nan,nan,nan
2022-09-29 07:00:00,2022,29,9,7,-30.8,2.1,96.5,2.8,68.9,nan,nan,nan
2022-09-29 08:00:00,2022,29,9,8,-31.3,2.4,93.3,2.7,72.7,nan,nan,nan
2022-09-29 09:00:00,2022,29,9,9,-31.7,2.8,92.0,2.2,75.2,nan,nan,nan
2022-09-29 10:00:00,2022,29,9,10,-31.7,3.0,93.6,1.4,38.8,nan,nan,nan
2022-09-29 11:00:00,2022,29,9,11,-31.8,2.9,93.1,1.7,29.8,nan,nan,nan
2022-09-29 12:00:00,2022,29,9,12,-31.9,3.0,92.2,1.0,311.9,nan,nan,nan
2022-09-29 13:00:00,2022,29,9,13,-31.9,2.8,92.7,0.8,333.3,nan,nan,nan
2022-09-29 14:00:00,2022,29,9,14,-32.3,2.3,98.1,2.1,353.6,nan,nan,nan
2022-09-29 15:00:00,2022,29,9,15,-33.1,2.6,100.0,0.8,269.7,nan,nan,nan
2022-09-29 16:00:00,2022,29,9,16,-33.8,3.0,100.0,5.8,297.9,nan,nan,nan
2022-09-29 17:00:00,2022,29,9,17,-33.9,2.9,100.0,3.8,303.8,nan,nan,nan
2022-09-29 18:00:00,2022,29,9,18,-33.9,3.4,95.5,4.1,279.8,nan,nan,nan
2022-09-29 19:00:00,2022,29,9,19,-33.7,3.0,95.2,3.2,287.1,nan,nan,nan
2022-09-29 20:00:00,2022,29,9,20,-33.4,3.4,95.2,2.2,283.6,nan,nan,nan
2022-09-29 21:00:00,2022,29,9,21,-33.2,3.3,95.1,1.4,272.2,nan,nan,nan
2022-09-29 22:00:00,2022,29,9,22,-33.0,2.9,94.8,0.8,24.3,nan,nan,nan
2022-09-29 23:00:00,2022,29,9,23,-32.4,4.2,73.8,2.9,268.1,nan,nan,nan
2022-09-30 00:00:00,2022,30,9,0,-32.4,2.6,89.7,2.5,321.1,nan,nan,nan
2022-09-30 01:00:00,2022,30,9,1,-32.2,4.0,74.4,5.2,312.8,nan,nan,nan
2022-09-30 02:00:00,2022,30,9,2,-31.9,3.0,88.2,5.3,293.8,nan,nan,nan
2022-09-30 03:00:00,2022,30,9,3,-32.4,2.1,91.4,3.1,297.1,nan,nan,nan
2022-09-30 04:00:00,2022,30,9,4,-32.0,2.0,91.4,2.8,263.7,nan,nan,nan
2022-09-30 05:00:00,2022,30,9,5,-32.3,1.3,91.7,4.6,318.7,nan,nan,nan
2022-09-30 06:00:00,2022,30,9,6,-32.3,1.0,93.3,5.3,293.8,nan,nan,nan
2022-09-30 07:00:00,2022,30,9,7,-32.5,1.6,88.6,5.4,263.9,nan,nan,nan
2022-09-30 08:00:00,2022,30,9,8,-32.9,1.8,85.4,6.8,291.3,nan,nan,nan
2022-09-30 09:00:00,2022,30,9,9,-32.4,1.5,84.6,4.2,295.3,nan,nan,nan
2022-09-30 10:00:00,2022,30,9,10,-32.5,1.7,84.2,5.2,279.1,nan,nan,nan
2022-09-30 11:00:00,2022,30,9,11,-32.3,2.1,82.1,5.1,291.2,nan,nan,nan
2022-09-30 12:00:00,2022,30,9,12,-32.4,2.1,83.7,2.4,271.2,nan,nan,nan
2022-09-30 13:00:00,2022,30,9,13,-32.5,1.9,84.7,1.8,281.4,nan,nan,nan
2022-09-30 14:00:00,2022,30,9,14,-32.8,2.0,85.3,0.7,302.0,nan,nan,nan
2022-09-30 15:00:00,2022,30,9,15,-32.9,3.2,76.5,0.7,98.0,nan,nan,nan
2022-09-30 16:00:00,2022,30,9,16,-33.0,1.9,86.0,1.3,330.7,nan,nan,nan
2022-09-30 17:00:00,2022,30,9,17,-33.0,1.6,90.0,3.6,331.2,nan,nan,nan
2022-09-30 18:00:00,2022,30,9,18,-33.7,2.0,84.8,1.0,143.5,nan,nan,nan
2022-09-30 19:00:00,2022,30,9,19,-33.8,2.0,86.1,0.9,104.8,nan,nan,nan
2022-09-30 20:00:00,2022,30,9,20,-34.3,0.7,93.7,1.6,109.2,nan,nan,nan
2022-09-30 21:00:00,2022,30,9,21,-34.8,0.4,98.1,2.4,81.9,nan,nan,nan
2022-09-30 22:00:00,2022,30,9,22,-35.5,0.0,99.8,3.6,82.4,nan,nan,nan
2022-09-30 23:00:00,2022,30,9,23,-36.1,-0.1,100.0,3.6,95.0,nan,nan,nan
2022-10-01 00:00:00,2022,1,10,0,-36.7,0.0,100.0,3.5,86.3,nan,nan,nan
2022-10-01 01:00:00,2022,1,10,1,-37.3,0.1,100.0,4.5,95.8,nan,nan,nan
2022-10-01 02:00:00,2022,1,10,2,-37.5,0.3,99.7,5.4,97.9,nan,nan,nan
2022-10-01 03:00:00,2022,1,10,3,-37.7,0.1,100.0,4.1,79.7,nan,nan,nan
2022-10-01 04:00:00,2022,1,10,4,-37.8,0.4,99.9,3.6,78.4,nan,nan,nan
2022-10-01 05:00:00,2022,1,10,5,-37.8,0.6,100.0,2.7,80.1,nan,nan,nan
2022-10-01 06:00:00,2022,1,10,6,-37.8,0.8,99.9,2.2,77.6,nan,nan,nan
2022-10-01 07:00:00,2022,1,10,7,-37.4,0.7,99.9,0.9,72.8,nan,nan,nan
2022-10-01 08:00:00,2022,1,10,8,-37.0,0.8,100.0,nan,nan,nan,nan,nan
2022-10-01 09:00:00,2022,1,10,9,-36.4,0.7,100.0,0.3,349.0,nan,nan,nan
2022-10-01 10:00:00,2022,1,10,10,-35.9,0.8,100.0,nan,nan,nan,nan,nan
2022-10-01 11:00:00,2022,1,10,11,-35.6,1.1,100.0,0.0,332.3,nan,nan,nan
2022-10-01 12:00:00,2022,1,10,12,-35.3,1.4,100.0,0.5,16.9,nan,nan,nan
2022-10-01 13:00:00,2022,1,10,13,-35.1,1.5,100.0,nan,nan,nan,nan,nan
2022-10-01 14:00:00,2022,1,10,14,-35.2,1.1,100.0,1.6,70.4,nan,nan,nan
2022-10-01 15:00:00,2022,1,10,15,-35.2,1.6,99.4,2.6,70.3,nan,nan,nan
2022-10-01 16:00:00,2022,1,10,16,-35.3,1.1,100.0,3.8,89.7,nan,nan,nan
2022-10-01 17:00:00,2022,1,10,17,-35.2,0.8,100.0,3.0,95.1,nan,nan,nan
2022-10-01 18:00:00,2022,1,10,18,-35.3,0.8,100.0,1.9,96.3,nan,nan,nan
2022-10-01 19:00:00,2022,1,10,19,-35.3,0.6,100.0,2.5,96.8,nan,nan,nan
2022-10-01 20:00:00,2022,1,10,20,-35.3,0.3,100.0,2.8,84.9,nan,nan,nan
2022-10-01 21:00:00,2022,1,10,21,-35.4,0.4,100.0,2.4,89.4,nan,nan,nan
2022-10-01 22:00:00,2022,1,10,22,-35.6,0.3,100.0,2.1,78.8,nan,nan,nan
2022-10-01 23:00:00,2022,1,10,23,-35.7,0.4,100.0,2.4,79.6,nan,nan,nan
2022-10-02 00:00:00,2022,2,10,0,-36.1,0.4,100.0,2.2,74.0,nan,nan,nan
2022-10-02 01:00:00,2022,2,10,1,-36.5,0.5,99.4,2.3,78.2,nan,nan,nan
2022-10-02 02:00:00,2022,2,10,2,-37.0,0.5,99.5,1.0,86.4,nan,nan,nan
2022-10-02 03:00:00,2022,2,10,3,-37.4,0.4,97.6,1.5,52.8,nan,nan,nan
2022-10-02 04:00:00,2022,2,10,4,-37.8,0.2,93.4,2.8,53.8,nan,nan,nan
2022-10-02 05:00:00,2022,2,10,5,-38.1,0.4,77.9,3.8,54.5,nan,nan,nan
2022-10-02 06:00:00,2022,2,10,6,-38.3,-0.6,78.5,3.7,55.6,nan,nan,nan
2022-10-02 07:00:00,2022,2,10,7,-38.7,-1.4,75.4,3.9,53.6,nan,nan,nan
2022-10-02 08:00:00,2022,2,10,8,-39.0,-2.9,77.4,4.1,47.7,nan,nan,nan
2022-10-02 09:00:00,2022,2,10,9,-39.4,-3.5,75.3,5.2,27.9,nan,nan,nan
2022-10-02 10:00:00,2022,2,10,10,-39.1,-2.9,75.6,4.9,62.1,nan,nan,nan
2022-10-02 11:00:00,2022,2,10,11,-39.2,-1.2,69.2,4.8,58.4,nan,nan,nan
2022-10-02 12:00:00,2022,2,10,12,-39.1,-0.4,70.8,3.4,56.5,nan,nan,nan
2022-10-02 13:00:00,2022,2,10,13,-39.2,0.2,75.3,2.2,93.1,nan,nan,nan
2022-10-02 14:00:00,2022,2,10,14,-39.6,0.5,81.5,2.2,42.0,nan,nan,nan
2022-10-02 15:00:00,2022,2,10,15,-40.1,0.1,82.3,3.6,35.7,nan,nan,nan
2022-10-02 16:00:00,2022,2,10,16,-40.3,0.0,80.4,3.6,32.1,nan,nan,nan
2022-10-02 17:00:00,2022,2,10,17,-40.8,-0.5,78.4,3.6,30.9,nan,nan,nan
2022-10-02 18:00:00,2022,2,10,18,-41.0,-2.0,74.6,5.9,34.2,nan,nan,nan
2022-10-02 19:00:00,2022,2,10,19,-41.2,-2.7,77.4,5.7,29.8,nan,nan,nan
2022-10-02 20:00:00,2022,2,10,20,-41.4,-4.2,73.5,6.6,35.9,nan,nan,nan
2022-10-02 21:00:00,2022,2,10,21,-41.4,-2.7,72.3,5.5,33.7,nan,nan,nan
2022-10-02 22:00:00,2022,2,10,22,-41.3,-3.2,77.2,5.7,29.6,nan,nan,nan
2022-10-02 23:00:00,2022,2,10,23,-41.3,-1.7,79.3,5.7,51.4,nan,nan,nan
2022-10-03 00:00:00,2022,3,10,0,-41.1,-1.2,78.1,5.1,48.4,nan,nan,nan
2022-10-03 01:00:00,2022,3,10,1,-41.0,-0.6,81.7,3.4,47.5,nan,nan,nan
2022-10-03 02:00:00,2022,3,10,2,-40.7,0.0,80.0,2.7,50.2,nan,nan,nan
2022-10-03 03:00:00,2022,3,10,3,-40.7,-0.1,78.6,2.9,50.2,nan,nan,nan
2022-10-03 04:00:00,2022,3,10,4,-40.6,0.1,75.5,2.1,52.6,nan,nan,nan
2022-10-03 05:00:00,2022,3,10,5,-40.3,0.3,75.1,0.4,64.4,nan,nan,nan
2022-10-03 06:00:00,2022,3,10,6,-39.9,0.4,74.9,2.4,71.1,nan,nan,nan
2022-10-03 07:00:00,2022,3,10,7,-39.8,-0.7,71.1,4.6,51.7,nan,nan,nan
2022-10-03 08:00:00,2022,3,10,8,-39.4,-0.6,71.6,2.3,60.9,nan,nan,nan
2022-10-03 09:00:00,2022,3,10,9,-39.4,-1.6,70.6,4.4,57.7,nan,nan,nan
2022-10-03 10:00:00,2022,3,10,10,-39.2,-1.5,67.5,5.7,53.9,nan,nan,nan
2022-10-03 11:00:00,2022,3,10,11,-38.9,-0.7,65.2,5.0,52.9,nan,nan,nan
2022-10-03 12:00:00,2022,3,10,12,-38.7,-0.1,67.5,4.1,43.8,nan,nan,nan
2022-10-03 13:00:00,2022,3,10,13,-38.7,-0.1,70.3,3.7,37.0,nan,nan,nan
2022-10-03 14:00:00,2022,3,10,14,-38.6,1.2,61.7,2.4,33.6,nan,nan,nan
2022-10-03 15:00:00,2022,3,10,15,-38.6,1.0,65.7,2.5,27.9,nan,nan,nan
2022-10-03 16:00:00,2022,3,10,16,-38.6,1.2,62.0,2.9,16.2,nan,nan,nan
2022-10-03 17:00:00,2022,3,10,17,-38.3,0.9,60.4,2.7,354.2,nan,nan,nan
2022-10-03 18:00:00,2022,3,10,18,-38.3,1.0,61.0,5.5,2.4,nan,nan,nan
2022-10-03 19:00:00,2022,3,10,19,-38.2,0.6,62.2,3.6,11.3,nan,nan,nan
2022-10-03 20:00:00,2022,3,10,20,-37.9,-1.6,62.9,5.5,28.7,nan,nan,nan
2022-10-03 21:00:00,2022,3,10,21,-37.6,0.4,50.6,6.7,74.2,nan,nan,nan
2022-10-03 22:00:00,2022,3,10,22,-37.3,-0.5,52.9,4.9,64.3,nan,nan,nan
2022-10-03 23:00:00,2022,3,10,23,-37.2,-0.2,55.5,7.0,78.1,nan,nan,nan
2022-10-04 00:00:00,2022,4,10,0,-37.0,0.2,53.0,4.5,71.2,nan,nan,nan
2022-10-04 01:00:00,2022,4,10,1,-36.7,-0.3,56.3,5.4,37.2,nan,nan,nan
2022-10-04 02:00:00,2022,4,10,2,-36.5,-1.5,62.5,5.1,49.6,nan,nan,nan
2022-10-04 03:00:00,2022,4,10,3,-36.4,-2.2,64.5,3.8,50.8,nan,nan,nan
2022-10-04 04:00:00,2022,4,10,4,-36.0,-2.1,61.0,3.5,37.2,nan,nan,nan
2022-10-04 05:00:00,2022,4,10,5,-35.5,-3.2,66.5,5.3,19.1,nan,nan,nan
2022-10-04 06:00:00,2022,4,10,6,-35.3,-3.1,65.6,6.1,32.6,nan,nan,nan
2022-10-04 07:00:00,2022,4,10,7,-34.6,-2.7,63.4,4.4,52.7,nan,nan,nan
2022-10-04 08:00:00,2022,4,10,8,-34.2,-1.8,61.0,4.5,50.6,nan,nan,nan
2022-10-04 09:00:00,2022,4,10,9,-33.9,-1.4,62.5,4.0,53.5,nan,nan,nan
2022-10-04 10:00:00,2022,4,10,10,-33.5,-0.7,60.4,3.2,70.5,nan,nan,nan
2022-10-04 11:00:00,2022,4,10,11,-33.3,-0.7,63.8,3.1,80.0,nan,nan,nan
2022-10-04 12:00:00,2022,4,10,12,-33.4,-0.5,66.3,3.3,90.5,nan,nan,nan
2022-10-04 13:00:00,2022,4,10,13,-34.5,-0.1,71.7,4.6,84.1,nan,nan,nan
2022-10-04 14:00:00,2022,4,10,14,-34.6,0.3,71.8,3.6,87.0,nan,nan,nan
2022-10-04 15:00:00,2022,4,10,15,-35.7,0.6,77.5,4.0,103.1,nan,nan,nan
2022-10-04 16:00:00,2022,4,10,16,-36.8,1.0,76.7,5.6,100.6,nan,nan,nan
2022-10-04 17:00:00,2022,4,10,17,-37.5,1.8,69.0,5.5,125.9,nan,nan,nan
2022-10-04 18:00:00,2022,4,10,18,-38.1,1.2,79.7,5.0,97.8,nan,nan,nan
2022-10-04 19:00:00,2022,4,10,19,-39.7,1.0,82.4,9.0,73.8,nan,nan,nan
2022-10-04 20:00:00,2022,4,10,20,-40.5,1.3,78.5,7.6,99.7,nan,nan,nan
2022-10-04 21:00:00,2022,4,10,21,-41.5,1.9,77.0,8.6,92.7,nan,nan,nan
2022-10-04 22:00:00,2022,4,10,22,-42.4,2.5,74.4,8.9,73.3,nan,nan,nan
2022-10-04 23:00:00,2022,4,10,23,-42.6,2.2,80.8,7.7,66.4,nan,nan,nan
2022-10-05 00:00:00,2022,5,10,0,-42.7,1.8,89.4,6.9,69.0,nan,nan,nan
2022-10-05 01:00:00,2022,5,10,1,-42.7,2.1,89.0,3.3,69.0,nan,nan,nan
2022-10-05 02:00:00,2022,5,10,2,-42.7,1.0,96.5,1.6,271.3,nan,nan,nan
2022-10-05 03:00:00,2022,5,10,3,-42.7,0.6,99.6,4.6,271.5,nan,nan,nan
2022-10-05 04:00:00,2022,5,10,4,-42.5,0.2,100.0,4.7,263.0,nan,nan,nan
2022-10-05 05:00:00,2022,5,10,5,-42.0,0.1,100.0,5.4,277.4,nan,nan,nan
2022-10-05 06:00:00,2022,5,10,6,-41.5,0.2,100.0,6.4,284.9,nan,nan,nan
2022-10-05 07:00:00,2022,5,10,7,-41.0,0.5,100.0,4.5,284.5,nan,nan,nan
2022-10-05 08:00:00,2022,5,10,8,-40.5,0.7,100.0,3.8,292.1,nan,nan,nan
2022-10-05 09:00:00,2022,5,10,9,-40.2,0.9,100.0,5.9,298.9,nan,nan,nan
2022-10-05 10:00:00,2022,5,10,10,-40.1,0.9,100.0,5.8,289.4,nan,nan,nan
2022-10-05 11:00:00,2022,5,10,11,-39.6,0.9,100.0,3.7,286.3,nan,nan,nan
2022-10-05 12:00:00,2022,5,10,12,-39.2,0.5,100.0,4.6,274.6,nan,nan,nan
2022-10-05 13:00:00,2022,5,10,13,-39.1,0.4,99.4,5.6,270.8,nan,nan,nan
2022-10-05 14:00:00,2022,5,10,14,-38.8,0.8,97.3,6.8,293.4,nan,nan,nan
2022-10-05 15:00:00,2022,5,10,15,-38.7,1.1,94.4,7.7,282.7,nan,nan,nan
2022-10-05 16:00:00,2022,5,10,16,-38.6,1.4,90.5,7.0,292.4,nan,nan,nan
2022-10-05 17:00:00,2022,5,10,17,-38.0,1.4,90.7,6.1,288.7,nan,nan,nan
2022-10-05 18:00:00,2022,5,10,18,-37.7,1.7,88.1,6.5,300.0,nan,nan,nan
2022-10-05 19:00:00,2022,5,10,19,-37.2,1.3,90.5,6.3,297.4,nan,nan,nan
2022-10-05 20:00:00,2022,5,10,20,-36.7,0.9,93.6,6.5,276.0,nan,nan,nan
2022-10-05 21:00:00,2022,5,10,21,-36.2,0.8,91.9,6.5,276.5,nan,nan,nan
2022-10-05 22:00:00,2022,5,10,22,-35.9,0.3,92.8,6.5,285.4,nan,nan,nan
2022-10-05 23:00:00,2022,5,10,23,-35.3,-0.3,92.3,4.4,314.0,nan,nan,nan
2022-10-06 00:00:00,2022,6,10,0,-35.2,-0.1,76.7,3.4,311.8,nan,nan,nan
2022-10-06 01:00:00,2022,6,10,1,-34.8,-0.9,66.3,1.8,118.8,nan,nan,nan
2022-10-06 02:00:00,2022,6,10,2,-34.8,-0.3,59.1,3.6,5.3,nan,nan,nan
2022-10-06 03:00:00,2022,6,10,3,-34.7,-1.9,65.1,4.7,57.1,nan,nan,nan
2022-10-06 04:00:00,2022,6,10,4,-34.0,-1.5,60.5,5.0,59.0,nan,nan,nan
2022-10-06 05:00:00,2022,6,10,5,-33.5,-2.6,63.9,4.3,34.7,nan,nan,nan
2022-10-06 06:00:00,2022,6,10,6,-32.2,-2.8,62.9,4.9,48.8,nan,nan,nan
2022-10-06 07:00:00,2022,6,10,7,-31.6,-2.1,56.4,5.2,31.8,nan,nan,nan
2022-10-06 08:00:00,2022,6,10,8,-30.7,-2.6,58.4,4.3,52.9,nan,nan,nan
2022-10-06 09:00:00,2022,6,10,9,-29.9,-2.9,63.5,6.1,42.2,nan,nan,nan
2022-10-06 10:00:00,2022,6,10,10,-29.0,-1.5,57.1,7.6,32.5,nan,nan,nan
2022-10-06 11:00:00,2022,6,10,11,-28.3,0.5,57.7,3.3,94.5,nan,nan,nan
2022-10-06 12:00:00,2022,6,10,12,-27.1,1.3,50.3,0.7,28.0,nan,nan,nan
2022-10-06 13:00:00,2022,6,10,13,-26.2,1.3,63.5,1.2,338.6,nan,nan,nan
2022-10-06 14:00:00,2022,6,10,14,-25.8,1.4,67.7,2.2,75.1,nan,nan,nan
2022-10-06 15:00:00,2022,6,10,15,-25.6,1.6,62.6,2.1,40.5,nan,nan,nan
2022-10-06 16:00:00,2022,6,10,16,-25.0,1.7,60.3,2.3,67.8,nan,nan,nan
2022-10-06 17:00:00,2022,6,10,17,-24.5,1.5,67.2,2.0,73.0,nan,nan,nan
2022-10-06 18:00:00,2022,6,10,18,-24.1,1.1,60.8,3.3,77.5,nan,nan,nan
2022-10-06 19:00:00,2022,6,10,19,-23.8,-1.4,74.2,4.1,52.0,nan,nan,nan
2022-10-06 20:00:00,2022,6,10,20,-23.5,-0.9,73.1,5.1,56.3,nan,nan,nan
2022-10-06 21:00:00,2022,6,10,21,-23.5,-0.9,73.2,5.0,49.7,nan,nan,nan
2022-10-06 22:00:00,2022,6,10,22,-23.3,-0.9,75.9,5.3,59.6,nan,nan,nan
2022-10-06 23:00:00,2022,6,10,23,-23.9,-0.9,78.5,6.8,43.6,nan,nan,nan
2022-10-07 00:00:00,2022,7,10,0,-24.3,-0.5,75.5,6.2,48.8,nan,nan,nan
2022-10-07 01:00:00,2022,7,10,1,-24.2,0.0,76.0,4.6,59.7,nan,nan,nan
2022-10-07 02:00:00,2022,7,10,2,-24.5,-0.3,85.7,3.0,66.3,nan,nan,nan
2022-10-07 03:00:00,2022,7,10,3,-25.3,-0.7,95.0,3.4,72.6,nan,nan,nan
2022-10-07 04:00:00,2022,7,10,4,-26.2,-0.8,96.6,2.2,104.1,nan,nan,nan
2022-10-07 05:00:00,2022,7,10,5,-26.7,-1.1,98.4,3.2,94.1,nan,nan,nan
2022-10-07 06:00:00,2022,7,10,6,-27.2,-1.2,99.2,2.8,90.1,nan,nan,nan
2022-10-07 07:00:00,2022,7,10,7,-27.5,-2.1,87.9,3.3,63.0,nan,nan,nan
2022-10-07 08:00:00,2022,7,10,8,-27.9,-2.5,76.0,3.5,71.4,nan,nan,nan
2022-10-07 09:00:00,2022,7,10,9,-28.1,-3.6,77.8,3.3,58.8,nan,nan,nan
2022-10-07 10:00:00,2022,7,10,10,-27.9,-2.4,72.9,3.0,338.9,nan,nan,nan
2022-10-07 11:00:00,2022,7,10,11,-28.0,-1.8,72.2,0.4,13.7,nan,nan,nan
2022-10-07 12:00:00,2022,7,10,12,-27.7,-1.3,74.5,2.8,301.0,nan,nan,nan
2022-10-07 13:00:00,2022,7,10,13,-27.8,-0.6,77.7,5.1,279.6,nan,nan,nan
2022-10-07 14:00:00,2022,7,10,14,-27.5,0.1,73.8,5.0,283.6,nan,nan,nan
2022-10-07 15:00:00,2022,7,10,15,-27.6,0.8,76.2,7.0,299.3,nan,nan,nan
2022-10-07 16:00:00,2022,7,10,16,-27.4,0.5,73.9,5.1,307.7,nan,nan,nan
2022-10-07 17:00:00,2022,7,10,17,-27.1,-0.2,73.1,5.2,325.4,nan,nan,nan
2022-10-07 18:00:00,2022,7,10,18,-27.1,-1.0,76.7,4.2,312.8,nan,nan,nan
2022-10-07 19:00:00,2022,7,10,19,-27.0,-1.7,80.2,5.2,327.4,nan,nan,nan
2022-10-07 20:00:00,2022,7,10,20,-26.8,-0.7,87.9,6.9,305.4,nan,nan,nan
2022-10-07 21:00:00,2022,7,10,21,-26.7,-1.4,74.8,5.7,328.4,nan,nan,nan
2022-10-07 22:00:00,2022,7,10,22,-26.6,-1.1,94.7,6.5,294.4,nan,nan,nan
2022-10-07 23:00:00,2022,7,10,23,-26.3,-1.7,86.0,4.5,291.8,nan,nan,nan
2022-10-08 00:00:00,2022,8,10,0,-26.4,-1.7,93.0,4.7,303.2,nan,nan,nan
2022-10-08 01:00:00,2022,8,10,1,-26.4,-1.7,93.7,3.6,295.3,nan,nan,nan
2022-10-08 02:00:00,2022,8,10,2,-26.2,-1.5,90.2,3.1,270.5,nan,nan,nan
2022-10-08 03:00:00,2022,8,10,3,-25.9,-1.3,83.4,3.4,278.6,nan,nan,nan
2022-10-08 04:00:00,2022,8,10,4,-25.8,-3.0,64.6,5.8,318.6,nan,nan,nan
2022-10-08 05:00:00,2022,8,10,5,-25.5,-1.7,60.6,4.3,278.2,nan,nan,nan
2022-10-08 06:00:00,2022,8,10,6,-24.9,-4.0,55.7,7.4,78.6,nan,nan,nan
2022-10-08 07:00:00,2022,8,10,7,-24.0,-2.4,45.2,4.0,9.6,nan,nan,nan
2022-10-08 08:00:00,2022,8,10,8,-23.5,-5.3,66.8,12.1,12.1,nan,nan,nan
2022-10-08 09:00:00,2022,8,10,9,-23.0,-4.7,60.5,13.3,14.8,nan,nan,nan
2022-10-08 10:00:00,2022,8,10,10,-22.5,-4.5,59.4,9.6,15.4,nan,nan,nan
2022-10-08 11:00:00,2022,8,10,11,-21.1,-3.6,64.2,4.2,313.1,nan,nan,nan
2022-10-08 12:00:00,2022,8,10,12,-20.7,-2.1,63.5,4.4,298.2,nan,nan,nan
2022-10-08 13:00:00,2022,8,10,13,-20.8,-0.9,57.1,4.9,263.6,nan,nan,nan
2022-10-08 14:00:00,2022,8,10,14,-20.9,0.3,47.0,6.1,329.9,nan,nan,nan
2022-10-08 15:00:00,2022,8,10,15,-21.3,-0.3,57.6,6.5,17.9,nan,nan,nan
2022-10-08 16:00:00,2022,8,10,16,-20.8,0.4,54.2,0.9,190.6,nan,nan,nan
2022-10-08 17:00:00,2022,8,10,17,-20.9,0.2,49.6,4.1,43.2,nan,nan,nan
2022-10-08 18:00:00,2022,8,10,18,-21.7,-1.5,57.0,11.0,18.9,nan,nan,nan
2022-10-08 19:00:00,2022,8,10,19,-21.2,-2.1,55.4,9.6,48.0,nan,nan,nan
2022-10-08 20:00:00,2022,8,10,20,-20.9,-2.7,55.8,7.7,47.1,nan,nan,nan
2022-10-08 21:00:00,2022,8,10,21,-21.3,-2.7,52.6,6.7,38.7,nan,nan,nan
2022-10-08 22:00:00,2022,8,10,22,-21.8,-4.4,60.2,8.8,18.5,nan,nan,nan
2022-10-08 23:00:00,2022,8,10,23,-21.4,-2.4,45.9,2.7,59.6,nan,nan,nan
2022-10-09 00:00:00,2022,9,10,0,-21.6,-4.4,55.8,3.3,25.5,nan,nan,nan
2022-10-09 01:00:00,2022,9,10,1,-21.9,-3.3,51.7,6.0,58.5,nan,nan,nan
2022-10-09 02:00:00,2022,9,10,2,-21.7,-3.2,53.8,5.5,52.8,nan,nan,nan
2022-10-09 03:00:00,2022,9,10,3,-22.0,-2.9,54.5,5.8,63.9,nan,nan,nan
2022-10-09 04:00:00,2022,9,10,4,-22.1,-2.7,54.0,5.0,54.1,nan,nan,nan
2022-10-09 05:00:00,2022,9,10,5,-22.3,-2.4,51.8,4.1,66.9,nan,nan,nan
2022-10-09 06:00:00,2022,9,10,6,-22.6,-1.7,55.8,3.9,68.8,nan,nan,nan
2022-10-09 07:00:00,2022,9,10,7,-22.9,-2.4,61.3,2.9,69.2,nan,nan,nan
2022-10-09 08:00:00,2022,9,10,8,-23.4,-2.2,61.6,3.0,73.6,nan,nan,nan
2022-10-09 09:00:00,2022,9,10,9,-24.1,-1.9,58.7,3.6,73.3,nan,nan,nan
2022-10-09 10:00:00,2022,9,10,10,-24.9,-2.1,65.4,4.0,83.2,nan,nan,nan
2022-10-09 11:00:00,2022,9,10,11,-25.1,-1.4,63.4,3.3,91.6,nan,nan,nan
2022-10-09 12:00:00,2022,9,10,12,-25.7,-1.3,77.6,7.6,65.4,nan,nan,nan
2022-10-09 13:00:00,2022,9,10,13,-26.9,-1.1,78.4,9.2,79.6,nan,nan,nan
2022-10-09 14:00:00,2022,9,10,14,-27.9,-0.4,76.6,10.1,84.1,nan,nan,nan
2022-10-09 15:00:00,2022,9,10,15,-29.1,-0.4,78.8,10.3,70.6,nan,nan,nan
2022-10-09 16:00:00,2022,9,10,16,-30.1,-0.2,83.0,9.9,70.4,nan,nan,nan
2022-10-09 17:00:00,2022,9,10,17,-31.6,-0.1,89.0,11.1,74.3,nan,nan,nan
2022-10-09 18:00:00,2022,9,10,18,-32.8,0.4,92.3,10.4,69.3,nan,nan,nan
2022-10-09 19:00:00,2022,9,10,19,-33.8,1.3,90.1,10.3,67.6,nan,nan,nan
2022-10-09 20:00:00,2022,9,10,20,-34.7,2.1,87.9,9.8,73.7,nan,nan,nan
2022-10-09 21:00:00,2022,9,10,21,-34.7,1.5,93.2,6.5,92.5,nan,nan,nan
2022-10-09 22:00:00,2022,9,10,22,-35.2,1.3,96.4,6.0,93.4,nan,nan,nan
2022-10-09 23:00:00,2022,9,10,23,-35.3,1.2,98.4,5.3,78.2,nan,nan,nan
2022-10-10 00:00:00,2022,10,10,0,-35.2,1.3,99.3,4.2,71.6,nan,nan,nan
2022-10-10 01:00:00,2022,10,10,1,-34.6,1.3,99.5,2.8,62.5,nan,nan,nan
2022-10-10 02:00:00,2022,10,10,2,-34.1,1.7,100.0,0.7,118.0,nan,nan,nan
2022-10-10 03:00:00,2022,10,10,3,-33.5,1.6,100.0,0.6,215.5,nan,nan,nan
2022-10-10 04:00:00,2022,10,10,4,-32.7,1.2,100.0,2.2,219.6,nan,nan,nan
2022-10-10 05:00:00,2022,10,10,5,-32.0,0.7,100.0,1.9,158.8,nan,nan,nan
2022-10-10 06:00:00,2022,10,10,6,-31.5,0.8,100.0,2.1,105.5,nan,nan,nan
2022-10-10 07:00:00,2022,10,10,7,-31.2,0.8,100.0,2.8,74.4,nan,nan,nan
2022-10-10 08:00:00,2022,10,10,8,-31.1,0.8,100.0,3.2,84.6,nan,nan,nan
2022-10-10 09:00:00,2022,10,10,9,-30.9,0.6,100.0,3.8,102.4,nan,nan,nan
2022-10-10 10:00:00,2022,10,10,10,-30.8,0.3,100.0,1.8,81.5,nan,nan,nan
2022-10-10 11:00:00,2022,10,10,11,-30.8,0.7,99.4,2.8,151.7,nan,nan,nan
2022-10-10 12:00:00,2022,10,10,12,-30.7,0.6,98.2,3.9,134.0,nan,nan,nan
2022-10-10 13:00:00,2022,10,10,13,-30.8,0.9,98.0,6.1,142.3,nan,nan,nan
2022-10-10 14:00:00,2022,10,10,14,-31.0,0.1,100.0,3.6,74.6,nan,nan,nan
2022-10-10 15:00:00,2022,10,10,15,-31.3,0.3,100.0,2.3,83.3,nan,nan,nan
2022-10-10 16:00:00,2022,10,10,16,-31.9,1.3,97.5,6.2,169.2,nan,nan,nan
2022-10-10 17:00:00,2022,10,10,17,-31.8,0.5,99.2,4.0,129.8,nan,nan,nan
2022-10-10 18:00:00,2022,10,10,18,-31.7,0.5,99.7,4.1,140.2,nan,nan,nan
2022-10-10 19:00:00,2022,10,10,19,-31.7,0.6,100.0,4.3,143.1,nan,nan,nan
2022-10-10 20:00:00,2022,10,10,20,-31.7,0.6,100.0,4.2,145.7,nan,nan,nan
2022-10-10 21:00:00,2022,10,10,21,-31.5,0.7,100.0,4.1,145.9,nan,nan,nan
2022-10-10 22:00:00,2022,10,10,22,-31.5,0.3,99.8,3.7,147.4,nan,nan,nan
2022-10-10 23:00:00,2022,10,10,23,-31.3,0.6,100.0,3.5,142.9,nan,nan,nan
2022-10-11 00:00:00,2022,11,10,0,-31.4,0.6,100.0,4.0,113.5,nan,nan,nan
2022-10-11 01:00:00,2022,11,10,1,-31.6,0.2,100.0,3.5,112.1,nan,nan,nan
2022-10-11 02:00:00,2022,11,10,2,-32.0,0.0,100.0,3.5,85.9,nan,nan,nan
2022-10-11 03:00:00,2022,11,10,3,-31.6,-0.1,100.0,1.7,97.8,nan,nan,nan
2022-10-11 04:00:00,2022,11,10,4,-31.4,-0.4,100.0,nan,nan,nan,nan,nan
2022-10-11 05:00:00,2022,11,10,5,-31.2,-0.5,98.0,nan,nan,nan,nan,nan
2022-10-11 06:00:00,2022,11,10,6,-30.8,-0.8,95.4,nan,nan,nan,nan,nan
2022-10-11 07:00:00,2022,11,10,7,-30.5,-0.9,87.8,nan,nan,nan,nan,nan
2022-10-11 08:00:00,2022,11,10,8,-30.4,-1.6,87.2,nan,nan,nan,nan,nan
2022-10-11 09:00:00,2022,11,10,9,-29.8,-1.1,79.1,nan,nan,nan,nan,nan
2022-10-11 10:00:00,2022,11,10,10,-29.1,-1.9,66.7,4.7,308.5,nan,nan,nan
2022-10-11 11:00:00,2022,11,10,11,-29.1,-2.1,62.3,2.6,297.4,nan,nan,nan
2022-10-11 12:00:00,2022,11,10,12,-29.4,-3.9,72.1,9.5,9.9,nan,nan,nan
2022-10-11 13:00:00,2022,11,10,13,-29.5,-3.6,72.4,10.4,19.7,nan,nan,nan
2022-10-11 14:00:00,2022,11,10,14,-29.5,-2.4,69.9,8.7,8.7,nan,nan,nan
2022-10-11 15:00:00,2022,11,10,15,-29.7,-2.2,71.0,5.9,27.9,nan,nan,nan
2022-10-11 16:00:00,2022,11,10,16,-29.8,-2.0,60.2,5.4,34.2,nan,nan,nan
2022-10-11 17:00:00,2022,11,10,17,-30.1,-2.6,60.5,5.1,27.4,nan,nan,nan
2022-10-11 18:00:00,2022,11,10,18,-30.4,-2.4,50.3,5.0,38.2,nan,nan,nan
2022-10-11 19:00:00,2022,11,10,19,-30.5,-6.3,65.4,7.5,57.2,nan,nan,nan
2022-10-11 20:00:00,2022,11,10,20,-30.6,-5.6,59.1,8.0,36.0,nan,nan,nan
2022-10-11 21:00:00,2022,11,10,21,-30.8,-6.1,60.7,8.9,30.1,nan,nan,nan
2022-10-11 22:00:00,2022,11,10,22,-30.8,-6.2,62.9,7.0,26.5,nan,nan,nan
2022-10-11 23:00:00,2022,11,10,23,-31.0,-7.4,66.3,8.1,24.6,nan,nan,nan
2022-10-12 00:00:00,2022,12,10,0,-31.1,-6.5,64.4,7.7,20.5,nan,nan,nan
2022-10-12 01:00:00,2022,12,10,1,-31.1,-6.4,64.0,6.8,24.1,nan,nan,nan
2022-10-12 02:00:00,2022,12,10,2,-31.4,-5.0,54.2,5.5,36.4,nan,nan,nan
2022-10-12 03:00:00,2022,12,10,3,-31.9,-6.8,62.3,8.7,26.8,nan,nan,nan
2022-10-12 04:00:00,2022,12,10,4,-32.3,-7.9,63.8,8.8,18.5,nan,nan,nan
2022-10-12 05:00:00,2022,12,10,5,-32.7,-8.4,63.2,8.6,25.6,nan,nan,nan
2022-10-12 06:00:00,2022,12,10,6,-32.8,-7.4,55.2,6.5,28.5,nan,nan,nan
2022-10-12 07:00:00,2022,12,10,7,-32.9,-7.6,54.1,7.6,30.2,nan,nan,nan
2022-10-12 08:00:00,2022,12,10,8,-33.0,-7.3,53.0,6.0,25.8,nan,nan,nan
2022-10-12 09:00:00,2022,12,10,9,-33.5,-6.2,49.9,4.6,353.3,nan,nan,nan
2022-10-12 10:00:00,2022,12,10,10,-34.3,-8.4,68.9,12.6,26.2,nan,nan,nan
2022-10-12 11:00:00,2022,12,10,11,-34.6,-7.3,67.8,12.4,18.9,nan,nan,nan
2022-10-12 12:00:00,2022,12,10,12,-34.9,-6.3,65.3,12.0,25.6,nan,nan,nan
2022-10-12 13:00:00,2022,12,10,13,-35.0,-4.9,61.9,8.9,28.6,nan,nan,nan
2022-10-12 14:00:00,2022,12,10,14,-35.4,-3.9,58.8,8.9,29.0,nan,nan,nan
2022-10-12 15:00:00,2022,12,10,15,-35.3,-3.5,58.5,1.8,36.2,nan,nan,nan
2022-10-12 16:00:00,2022,12,10,16,-35.5,-3.4,56.8,4.3,109.3,nan,nan,nan
2022-10-12 17:00:00,2022,12,10,17,-35.1,-4.0,48.9,4.0,61.8,nan,nan,nan
2022-10-12 18:00:00,2022,12,10,18,-34.8,-4.7,50.8,3.7,25.4,nan,nan,nan
2022-10-12 19:00:00,2022,12,10,19,-34.6,-7.1,53.8,5.0,14.4,nan,nan,nan
2022-10-12 20:00:00,2022,12,10,20,-34.1,-6.7,50.8,nan,nan,nan,nan,nan
2022-10-12 21:00:00,2022,12,10,21,-33.9,-6.8,49.5,8.5,22.3,nan,nan,nan
2022-10-12 22:00:00,2022,12,10,22,-33.7,-7.3,52.1,10.0,4.9,nan,nan,nan
2022-10-12 23:00:00,2022,12,10,23,-33.2,-9.1,60.8,9.7,5.3,nan,nan,nan
2022-10-13 00:00:00,2022,13,10,0,-32.7,-7.5,61.3,7.5,55.0,nan,nan,nan
2022-10-13 01:00:00,2022,13,10,1,-32.2,-7.0,63.0,6.6,50.6,nan,nan,nan
2022-10-13 02:00:00,2022,13,10,2,-32.0,-6.7,63.9,6.8,54.0,nan,nan,nan
2022-10-13 03:00:00,2022,13,10,3,-31.5,-6.7,63.2,6.7,57.5,nan,nan,nan
2022-10-13 04:00:00,2022,13,10,4,-31.2,-6.8,63.2,5.9,51.6,nan,nan,nan
2022-10-13 05:00:00,2022,13,10,5,-30.6,-6.9,60.5,7.4,39.5,nan,nan,nan
2022-10-13 06:00:00,2022,13,10,6,-30.0,-7.4,62.2,6.3,40.1,nan,nan,nan
2022-10-13 07:00:00,2022,13,10,7,-29.6,-6.9,60.5,6.0,54.6,nan,nan,nan
2022-10-13 08:00:00,2022,13,10,8,-29.0,-7.0,59.0,7.1,41.7,nan,nan,nan
2022-10-13 09:00:00,2022,13,10,9,-28.6,-6.9,58.0,5.9,50.2,nan,nan,nan
2022-10-13 10:00:00,2022,13,10,10,-27.8,-5.6,54.3,4.5,54.1,nan,nan,nan
2022-10-13 11:00:00,2022,13,10,11,-27.0,-4.9,56.4,3.6,55.1,nan,nan,nan
