timestamp_iso,airtemp1,airtemp2,airtemp_cs500air1,airtemp_cs500air2,rh1,rh2,windspeed1,windspeed2,winddir1,winddir2,pressure,battvolt,sh1,sh2
2022-03-10 00:00:00+00:00,-999,-999,-999,-999,-999,-999,-999,-999,-999,-999,-999,-999,-999,-999
2022-03-14 18:00:00+00:00,-27.9,-27.92,-28.16,-27.9,75.0,76.7,0.0,19.21,117.9,123.7,703.1,12.43,1.22,-999
2022-03-14 19:00:00+00:00,-26.48,-26.44,-26.72,-26.44,76.42,78.22,0.0,22.23,122.0,132.8,702.3,12.39,1.25,-999
2022-03-14 20:00:00+00:00,-26.56,-26.54,-26.8,-26.48,76.33,78.08,0.0,21.75,117.7,140.3,702.7,12.36,1.26,-999
2022-03-14 21:00:00+00:00,-26.63,-26.6,-26.88,-26.56,76.29,78.07,0.0,18.41,111.8,133.2,703.3,12.31,1.26,-999
2022-03-14 22:00:00+00:00,-26.9,-26.87,-27.13,-26.82,76.03,77.82,0.0,16.59,111.3,131.8,703.3,12.28,1.26,-999
2022-03-14 23:00:00+00:00,-27.19,-27.16,-27.44,-27.12,75.76,77.56,0.0,15.86,110.2,129.9,703.0,12.26,1.25,0.59
2022-03-15 00:00:00+00:00,-27.32,-27.29,-27.58,-27.25,75.6,77.44,0.0,15.25,110.5,130.3,702.6,12.24,1.25,0.76
2022-03-15 01:00:00+00:00,-27.56,-27.5,-27.81,-27.45,75.38,77.22,0.0,14.94,112.7,131.3,702.2,12.22,1.25,0.84
2022-03-15 02:00:00+00:00,-28.08,-28.01,-28.31,-27.94,74.83,76.74,0.0,13.67,113.9,133.6,702.1,12.21,1.25,0.8
2022-03-15 03:00:00+00:00,-29.36,-29.25,-29.56,-29.17,73.54,75.51,0.0,11.19,112.4,135.6,702.0,12.2,1.26,0.54
2022-03-15 04:00:00+00:00,-30.48,-30.32,-30.76,-30.3,72.43,74.51,0.0,10.83,113.2,132.6,701.9,12.19,1.26,0.7
2022-03-15 05:00:00+00:00,-30.21,-30.09,-30.52,-30.08,72.73,74.74,0.0,10.61,113.0,133.6,701.8,12.19,1.26,0.62
2022-03-15 06:00:00+00:00,-30.59,-30.46,-30.82,-30.38,72.31,74.36,0.0,10.0,110.9,129.9,701.7,12.19,1.26,0.54
2022-03-15 07:00:00+00:00,-30.85,-30.73,-31.14,-30.69,72.06,74.08,0.0,9.74,113.6,133.7,701.7,12.18,1.26,0.75
2022-03-15 08:00:00+00:00,-31.08,-30.92,-31.34,-30.88,71.81,73.87,0.0,9.07,113.4,131.3,701.7,12.17,1.26,0.62
2022-03-15 09:00:00+00:00,-31.43,-31.25,-31.72,-31.2,71.45,73.54,0.0,8.0,112.4,131.7,701.7,12.16,1.23,0.44
2022-03-15 10:00:00+00:00,-31.61,-31.42,-31.93,-31.4,71.26,73.38,0.0,7.8,114.5,136.0,701.7,12.18,1.24,0.45
2022-03-15 11:00:00+00:00,-30.52,-30.35,-30.86,-30.35,72.36,74.41,0.0,8.28,121.0,142.6,701.7,12.26,1.25,0.78
2022-03-15 12:00:00+00:00,-29.19,-29.1,-29.49,-29.07,73.69,75.61,0.0,9.16,124.1,147.2,701.7,12.39,1.25,1.14
2022-03-15 13:00:00+00:00,-28.68,-28.82,-28.88,-28.72,74.16,75.77,0.0,8.95,125.0,146.9,701.9,12.54,1.25,1.2
2022-03-15 14:00:00+00:00,-28.77,-28.99,-29.01,-28.92,74.12,75.61,0.0,8.12,129.6,151.3,702.0,12.78,1.26,0.48
2022-03-15 15:00:00+00:00,-28.85,-29.06,-29.08,-29.0,74.05,75.54,0.0,7.68,127.1,148.0,702.1,12.82,1.26,0.58
2022-03-15 16:00:00+00:00,-28.34,-28.51,-28.55,-28.45,74.59,76.12,0.0,6.76,126.4,148.2,702.3,12.94,1.25,0.42
2022-03-15 17:00:00+00:00,-28.75,-28.93,-28.82,-28.82,74.23,75.87,0.0,5.74,123.2,144.8,702.2,13.0,1.25,0.46
2022-03-15 18:00:00+00:00,-30.37,-30.36,-30.25,-30.15,72.63,74.75,0.0,4.87,116.5,137.4,702.3,12.94,1.26,0.43
2022-03-15 19:00:00+00:00,-31.8,-31.7,-31.91,-31.62,71.12,73.36,0.0,4.74,117.9,137.3,702.6,12.85,1.26,0.43
2022-03-15 20:00:00+00:00,-31.7,-31.59,-31.97,-31.56,71.19,73.25,0.0,4.64,123.0,145.0,702.8,12.7,1.26,0.44
2022-03-15 21:00:00+00:00,-32.07,-31.91,-32.36,-31.88,70.8,72.9,0.0,4.6,132.0,147.9,703.1,12.59,1.26,0.43
2022-03-15 22:00:00+00:00,-32.58,-32.39,-32.87,-32.36,70.25,72.4,0.0,4.2,136.6,147.5,703.3,12.54,1.26,0.45
2022-03-15 23:00:00+00:00,-32.91,-32.72,-33.19,-32.65,69.9,72.03,0.0,3.57,136.6,149.6,703.3,12.5,1.26,0.51
2022-03-16 00:00:00+00:00,-33.52,-33.34,-33.77,-33.23,69.35,71.47,0.0,2.93,136.6,150.0,703.3,12.48,1.27,0.49
2022-03-16 01:00:00+00:00,-35.09,-34.94,-35.38,-34.84,67.76,69.89,0.0,3.26,136.6,149.9,703.4,12.45,1.27,0.49
2022-03-16 02:00:00+00:00,-36.26,-36.08,-36.48,-35.92,66.59,68.75,0.0,3.12,136.6,149.8,703.4,12.43,1.27,0.49
2022-03-16 03:00:00+00:00,-38.04,-37.67,-38.24,-37.48,64.78,67.13,0.0,3.01,136.6,149.7,703.4,12.42,1.28,0.45
2022-03-16 04:00:00+00:00,-39.66,-38.99,-39.6,-38.73,63.01,65.69,0.0,2.71,136.6,149.7,703.5,12.4,1.28,0.48
2022-03-16 05:00:00+00:00,-39.67,-38.81,-39.64,-38.66,62.73,65.68,0.0,2.91,136.6,149.8,703.6,12.39,1.28,0.47
2022-03-16 06:00:00+00:00,-39.44,-38.79,-39.45,-38.52,63.08,65.81,0.0,2.17,136.6,149.8,703.6,12.38,1.28,0.45
2022-03-16 07:00:00+00:00,-39.83,-39.17,-39.73,-38.95,62.61,65.31,0.0,2.49,136.6,149.8,703.7,12.36,1.28,0.46
2022-03-16 08:00:00+00:00,-40.74,-40.11,-39.78,-39.43,61.8,64.55,0.0,2.41,136.6,149.7,703.8,12.35,1.28,0.49
2022-03-16 09:00:00+00:00,-43.05,-42.11,-39.79,-39.79,59.42,62.53,0.0,2.85,136.6,149.7,704.0,12.34,1.29,0.48
2022-03-16 10:00:00+00:00,-43.86,-42.8,-39.79,-39.79,58.43,61.56,0.0,3.02,136.6,149.7,704.1,12.38,1.29,0.47
2022-03-16 11:00:00+00:00,-43.12,-42.28,-39.79,-39.79,59.02,61.84,0.0,4.05,136.7,149.7,704.3,12.45,1.29,0.43
2022-03-16 12:00:00+00:00,-41.65,-40.95,-39.79,-39.76,60.47,63.16,0.0,2.78,136.7,150.1,704.5,12.58,1.28,0.41
2022-03-16 13:00:00+00:00,-39.11,-38.49,-39.24,-38.45,62.93,65.51,0.0,2.54,136.7,150.9,704.7,12.95,1.28,0.45
2022-03-16 14:00:00+00:00,-36.82,-36.93,-37.07,-36.86,65.49,67.09,0.0,3.64,136.7,153.0,704.9,13.27,1.28,0.46
2022-03-16 15:00:00+00:00,-36.05,-36.61,-36.25,-36.45,66.46,67.59,0.0,3.13,136.8,153.8,705.1,13.14,1.28,0.47
2022-03-16 16:00:00+00:00,-35.67,-36.04,-36.02,-36.04,66.66,68.21,0.0,2.79,136.7,153.8,705.2,13.4,1.27,0.46
2022-03-16 17:00:00+00:00,-35.41,-36.12,-35.5,-35.85,67.36,68.66,0.0,2.99,136.7,153.9,705.4,13.39,1.28,0.45
2022-03-16 18:00:00+00:00,-36.12,-36.95,-36.05,-36.56,66.83,68.5,0.0,2.86,136.7,153.8,705.5,13.35,1.28,0.49
2022-03-16 19:00:00+00:00,-37.77,-38.95,-37.61,-38.32,65.37,66.63,0.0,3.05,136.7,153.8,705.6,13.12,1.28,0.45
2022-03-16 20:00:00+00:00,-40.47,-41.44,-39.69,-39.78,62.44,63.39,0.0,3.25,136.7,153.8,705.9,12.9,1.29,0.43
2022-03-16 21:00:00+00:00,-43.24,-43.72,-39.79,-39.79,59.55,60.82,0.0,3.15,136.6,153.8,706.2,12.74,1.29,0.41
2022-03-16 22:00:00+00:00,-46.24,-45.77,-39.79,-39.79,56.22,58.56,0.0,3.16,136.6,153.8,706.4,12.66,1.3,0.42
2022-03-16 23:00:00+00:00,-48.01,-46.99,-39.79,-39.79,54.22,57.16,0.0,3.21,136.6,153.8,706.6,12.63,1.3,0.41
2022-03-17 00:00:00+00:00,-48.2,-47.16,-39.79,-39.79,53.98,56.97,0.0,3.15,136.6,153.8,706.9,12.6,1.3,0.45
2022-03-17 01:00:00+00:00,-48.54,-47.55,-39.79,-39.79,53.6,56.5,0.0,3.13,136.6,153.8,707.1,12.57,1.3,0.46
2022-03-17 02:00:00+00:00,-48.73,-47.85,-39.79,-39.79,53.4,56.19,0.0,2.95,136.6,153.8,707.3,12.56,1.3,0.46
2022-03-17 03:00:00+00:00,-48.77,-47.86,-39.79,-39.79,53.28,56.09,0.0,2.94,136.7,153.8,707.5,12.55,1.3,0.45
2022-03-17 04:00:00+00:00,-48.22,-47.35,-39.79,-39.79,53.85,56.59,0.0,2.72,136.7,153.8,707.8,12.54,1.3,0.45
2022-03-17 05:00:00+00:00,-47.73,-46.91,-39.79,-39.79,54.35,57.03,0.0,2.39,136.7,153.8,708.1,12.53,1.3,0.44
2022-03-17 06:00:00+00:00,-48.95,-48.11,-39.79,-39.79,53.17,55.86,0.0,2.39,136.7,153.8,708.3,12.52,1.3,0.45
2022-03-17 07:00:00+00:00,-50.41,-49.26,-39.79,-39.79,51.65,54.59,0.0,2.59,136.6,153.8,708.6,12.51,1.31,0.45
2022-03-17 08:00:00+00:00,-50.16,-49.03,-39.79,-39.79,51.81,54.77,0.0,2.74,136.7,153.8,709.0,12.5,1.3,0.45
2022-03-17 09:00:00+00:00,-50.45,-49.49,-39.79,-39.79,51.51,54.27,0.0,2.86,136.7,153.8,709.5,12.49,1.31,0.44
2022-03-17 10:00:00+00:00,-49.46,-48.54,-39.79,-39.79,52.39,54.95,0.0,2.96,136.7,153.8,709.9,12.56,1.31,0.44
2022-03-17 11:00:00+00:00,-48.16,-47.92,-39.79,-39.79,53.59,55.14,0.0,2.66,136.7,153.8,710.2,12.86,1.31,0.43
2022-03-17 12:00:00+00:00,-46.2,-46.16,-39.79,-39.79,55.42,56.6,0.0,2.37,136.9,153.8,710.6,13.27,1.3,0.47
2022-03-17 13:00:00+00:00,-44.32,-44.79,-39.79,-39.79,57.31,57.88,0.0,1.77,136.9,153.8,711.0,13.53,1.3,0.47
2022-03-17 14:00:00+00:00,-43.73,-44.17,-39.79,-39.79,58.12,58.92,0.0,2.22,136.9,153.8,711.4,13.66,1.3,0.45
2022-03-17 15:00:00+00:00,-42.27,-42.8,-39.79,-39.79,59.85,61.03,0.0,3.14,136.9,153.9,711.6,13.71,1.3,0.46
2022-03-17 16:00:00+00:00,-42.01,-42.43,-39.79,-39.79,60.24,61.97,0.0,4.15,136.8,153.8,712.0,13.69,1.29,0.45
2022-03-17 17:00:00+00:00,-41.51,-41.77,-39.79,-39.79,60.77,62.9,0.0,4.55,136.8,153.9,712.4,13.29,1.29,0.49
2022-03-17 18:00:00+00:00,-41.27,-41.3,-39.79,-39.79,60.78,62.94,0.0,4.15,136.9,153.9,712.6,13.13,1.28,0.47
2022-03-17 19:00:00+00:00,-42.05,-42.14,-39.79,-39.79,60.16,62.38,0.0,3.46,136.8,153.8,712.7,13.01,1.29,0.48
2022-03-17 20:00:00+00:00,-44.29,-44.17,-39.79,-39.79,57.8,60.22,0.0,3.72,136.8,153.8,712.9,12.88,1.29,0.47
2022-03-17 21:00:00+00:00,-45.19,-44.8,-39.79,-39.79,56.64,59.01,0.0,4.07,136.7,153.8,713.1,12.77,1.29,0.5
2022-03-17 22:00:00+00:00,-44.77,-44.34,-39.79,-39.79,57.07,59.39,0.0,3.78,136.7,153.8,713.1,12.72,1.29,0.5
2022-03-17 23:00:00+00:00,-44.31,-43.95,-39.79,-39.79,57.48,59.64,0.0,3.91,136.7,153.8,713.2,12.69,1.29,0.5
2022-03-18 00:00:00+00:00,-42.3,-42.02,-39.79,-39.79,59.52,61.43,0.0,3.34,136.8,153.8,713.3,12.67,1.28,0.46
2022-03-18 01:00:00+00:00,-39.73,-39.46,-39.57,-39.27,62.15,63.96,0.0,3.58,136.9,153.9,713.2,12.65,1.28,0.46
2022-03-18 02:00:00+00:00,-38.24,-38.04,-38.48,-37.91,63.72,65.7,0.0,3.25,136.8,153.9,713.2,12.64,1.27,0.46
2022-03-18 03:00:00+00:00,-37.37,-37.24,-37.64,-37.15,64.63,66.59,0.0,3.48,136.8,131.5,713.2,12.63,1.27,0.48
2022-03-18 04:00:00+00:00,-36.86,-36.7,-37.19,-36.69,65.21,67.19,0.0,2.01,136.7,117.8,713.1,12.62,1.27,0.44
2022-03-18 05:00:00+00:00,-36.56,-36.44,-36.83,-36.34,65.54,67.52,0.0,2.28,136.7,99.0,712.8,12.61,1.27,0.42
2022-03-18 06:00:00+00:00,-36.49,-36.41,-36.79,-36.35,65.68,67.58,0.0,2.89,136.7,107.0,712.6,12.61,1.27,0.46
2022-03-18 07:00:00+00:00,-36.03,-35.95,-36.36,-35.94,66.18,68.06,0.0,4.0,136.7,110.5,712.7,12.6,1.27,0.51
2022-03-18 08:00:00+00:00,-36.42,-36.36,-36.63,-36.22,65.8,67.72,0.0,4.02,136.7,118.6,712.8,12.59,1.27,0.49
2022-03-18 09:00:00+00:00,-36.17,-36.1,-36.5,-36.08,66.08,67.94,0.0,5.17,136.7,120.7,712.9,12.58,1.27,0.45
2022-03-18 10:00:00+00:00,-35.99,-35.92,-36.25,-35.84,66.28,68.16,0.0,5.78,136.7,120.0,712.9,12.6,1.27,0.47
2022-03-18 11:00:00+00:00,-36.09,-36.0,-36.28,-35.88,66.21,68.13,0.0,5.5,136.7,125.5,713.0,12.68,1.27,0.45
2022-03-18 12:00:00+00:00,-36.17,-36.08,-36.29,-35.95,66.18,68.05,0.0,4.97,136.7,121.2,713.1,12.9,1.27,0.45
2022-03-18 13:00:00+00:00,-36.15,-36.13,-36.07,-35.94,66.27,67.92,0.0,4.86,136.7,128.2,713.3,13.15,1.27,0.45
2022-03-18 14:00:00+00:00,-35.57,-35.71,-35.54,-35.52,66.88,68.48,0.0,4.75,136.7,138.4,713.5,13.35,1.27,0.46
2022-03-18 15:00:00+00:00,-35.23,-35.48,-35.18,-35.24,67.29,68.91,0.0,4.09,136.7,134.1,713.5,13.22,1.27,0.46
2022-03-18 16:00:00+00:00,-35.59,-35.75,-35.76,-35.63,66.84,68.71,0.0,4.56,136.7,133.4,713.6,13.17,1.27,0.49
2022-03-18 17:00:00+00:00,-34.67,-34.77,-35.03,-34.8,67.66,69.51,0.0,4.46,136.7,149.3,713.7,13.15,1.27,0.52
2022-03-18 18:00:00+00:00,-34.02,-34.17,-34.51,-34.19,68.32,70.23,0.0,3.9,136.7,154.8,713.8,13.11,1.27,0.59
2022-03-18 19:00:00+00:00,-34.27,-34.47,-34.77,-34.46,68.11,70.0,0.0,3.79,136.7,154.9,713.9,12.97,1.27,0.46
2022-03-18 20:00:00+00:00,-35.26,-35.5,-35.6,-35.38,67.24,69.05,0.0,3.39,136.7,149.0,714.2,12.86,1.27,0.47
2022-03-18 21:00:00+00:00,-38.66,-38.94,-38.51,-38.3,64.15,66.01,0.0,3.53,136.7,142.4,714.5,12.75,1.28,0.42
2022-03-18 22:00:00+00:00,-41.45,-41.44,-39.79,-39.79,61.0,63.0,0.0,3.95,136.6,147.5,714.8,12.7,1.28,0.45
2022-03-18 23:00:00+00:00,-43.61,-43.44,-39.79,-39.79,58.73,60.85,0.0,3.91,136.6,149.0,715.0,12.67,1.29,0.44
2022-03-19 00:00:00+00:00,-44.74,-44.39,-39.79,-39.79,57.56,59.81,0.0,3.57,136.6,152.6,715.1,12.65,1.29,0.44
2022-03-19 01:00:00+00:00,-45.92,-45.52,-39.79,-39.79,56.26,58.56,0.0,3.68,136.6,153.0,715.3,12.63,1.29,0.46
2022-03-19 02:00:00+00:00,-46.54,-46.18,-39.79,-39.79,55.71,57.96,0.0,2.73,136.6,153.4,715.3,12.62,1.3,0.52
2022-03-19 03:00:00+00:00,-48.4,-47.99,-39.79,-39.79,53.78,56.02,0.0,2.4,136.5,153.4,715.5,12.61,1.3,0.52
2022-03-19 04:00:00+00:00,-49.43,-49.0,-39.79,-39.79,52.7,54.93,0.0,2.48,136.6,153.4,715.8,12.6,1.3,0.49
2022-03-19 05:00:00+00:00,-49.43,-49.04,-39.79,-39.79,52.64,54.83,0.0,2.34,136.6,154.4,716.1,12.59,1.3,0.49
2022-03-19 06:00:00+00:00,-49.78,-49.46,-39.79,-39.79,52.3,54.4,0.0,2.6,136.6,154.5,716.4,12.58,1.3,0.48
2022-03-19 07:00:00+00:00,-49.92,-49.55,-39.79,-39.79,52.11,54.24,0.0,2.41,136.6,154.5,716.7,12.58,1.3,0.47
2022-03-19 08:00:00+00:00,-50.81,-50.36,-39.79,-39.79,51.25,53.45,0.0,2.6,136.6,154.5,717.0,12.57,1.31,0.47
2022-03-19 09:00:00+00:00,-51.62,-50.73,-39.79,-39.79,50.39,52.98,0.0,2.69,136.6,154.5,717.5,12.56,1.31,0.43
2022-03-19 10:00:00+00:00,-51.33,-50.53,-39.79,-39.79,50.46,52.77,0.0,3.14,136.6,154.5,717.9,12.64,1.31,0.49
2022-03-19 11:00:00+00:00,-49.84,-49.44,-39.79,-39.79,51.91,53.4,0.0,3.34,136.7,154.5,718.2,12.88,1.31,0.55
2022-03-19 12:00:00+00:00,-48.12,-47.99,-39.79,-39.79,53.78,54.56,0.0,2.5,136.9,154.5,718.0,13.13,1.31,0.44
2022-03-19 13:00:00+00:00,-46.07,-46.07,-39.79,-39.79,55.75,56.73,0.0,3.53,136.9,154.5,718.1,13.21,1.3,0.53
2022-03-19 14:00:00+00:00,-44.54,-44.61,-39.79,-39.79,57.24,58.62,0.0,3.86,136.8,154.1,718.1,13.24,1.29,0.47
2022-03-19 15:00:00+00:00,-41.88,-41.72,-39.79,-39.78,59.85,61.66,0.0,3.73,136.8,155.2,718.0,13.39,1.29,0.47
2022-03-19 16:00:00+00:00,-39.57,-39.71,-39.39,-39.18,62.61,64.51,0.0,3.19,136.8,154.2,717.8,13.3,1.29,0.48
2022-03-19 17:00:00+00:00,-39.44,-39.74,-39.47,-39.25,62.77,64.96,0.0,3.68,136.7,154.9,717.9,13.37,1.28,0.46
2022-03-19 18:00:00+00:00,-39.02,-39.19,-39.0,-38.65,63.27,66.21,0.0,3.43,136.7,156.1,717.9,13.35,1.28,0.43
2022-03-19 19:00:00+00:00,-39.73,-39.8,-39.46,-39.06,62.64,66.37,0.0,3.73,136.7,156.1,718.0,13.18,1.29,0.5
2022-03-19 20:00:00+00:00,-41.79,-42.05,-39.79,-39.79,60.43,63.31,0.0,3.85,136.7,156.1,718.3,12.97,1.29,0.47
2022-03-19 21:00:00+00:00,-44.61,-45.02,-39.79,-39.79,57.5,59.3,0.0,3.56,136.7,156.1,718.8,12.81,1.3,0.5
2022-03-19 22:00:00+00:00,-47.88,-47.91,-39.79,-39.79,54.16,56.14,0.0,3.08,136.5,156.1,719.3,12.74,1.3,0.5
2022-03-19 23:00:00+00:00,-50.34,-49.92,-39.79,-39.79,51.6,53.9,0.0,3.33,136.5,156.1,719.6,12.71,1.31,0.46
2022-03-20 00:00:00+00:00,-51.4,-50.79,-39.79,-39.79,50.51,52.91,0.0,3.31,136.6,156.1,719.9,12.68,1.31,0.47
2022-03-20 01:00:00+00:00,-52.86,-52.2,-39.79,-39.79,49.08,51.45,0.0,2.87,136.6,156.1,720.3,12.66,1.31,0.47
2022-03-20 02:00:00+00:00,-54.1,-53.24,-39.79,-39.79,47.82,50.2,0.0,3.03,136.6,156.1,720.8,12.65,1.32,0.49
2022-03-20 03:00:00+00:00,-54.31,-53.38,-39.79,-39.79,47.56,49.93,0.0,3.26,136.6,156.1,720.8,12.62,1.32,0.5
2022-03-20 04:00:00+00:00,-54.55,-53.62,-39.79,-39.79,47.35,49.68,0.0,2.53,136.6,156.1,720.8,12.62,1.32,0.49
2022-03-20 05:00:00+00:00,-55.52,-54.41,-39.79,-39.79,46.37,48.73,0.0,2.81,136.6,156.1,721.0,12.6,1.32,0.51
2022-03-20 07:00:00+00:00,-56.84,-56.0,-39.79,-39.79,45.01,46.82,0.0,2.94,136.7,156.1,721.4,12.57,1.32,0.56
2022-03-20 08:00:00+00:00,-999,-999,-39.79,-39.79,44.75,46.57,0.0,2.78,136.7,156.1,721.6,12.57,1.33,0.47
2022-03-20 09:00:00+00:00,-999,-999,-39.79,-39.79,44.23,46.04,0.0,2.74,136.6,156.1,721.8,12.56,1.33,0.48
2022-03-20 10:00:00+00:00,-999,-999,-39.79,-39.79,45.42,47.18,0.0,2.22,136.6,156.1,721.6,12.64,1.33,0.48
2022-03-20 11:00:00+00:00,-52.5,-52.18,-39.79,-39.79,48.6,49.51,0.0,1.93,136.7,156.0,720.6,12.83,1.32,0.49
2022-03-20 12:00:00+00:00,-49.47,-49.65,-39.79,-39.79,51.57,51.57,0.0,1.35,136.9,156.1,719.6,13.2,1.32,0.51
2022-03-20 13:00:00+00:00,-47.79,-48.6,-39.79,-39.79,53.63,52.87,0.0,1.51,136.9,156.1,719.0,13.47,1.32,0.46
2022-03-20 14:00:00+00:00,-45.96,-47.05,-39.79,-39.79,55.42,54.39,0.0,1.0,136.8,156.1,718.4,13.63,1.31,0.46
2022-03-20 15:00:00+00:00,-44.42,-45.87,-39.79,-39.79,57.43,56.5,0.0,1.04,136.9,156.1,717.9,13.7,1.31,0.44
2022-03-20 16:00:00+00:00,-42.85,-44.42,-39.79,-39.79,59.48,59.02,0.0,0.96,136.8,156.1,717.8,13.68,1.31,0.47
2022-03-20 17:00:00+00:00,-42.68,-43.91,-39.79,-39.79,60.08,60.69,0.0,0.84,136.8,156.1,717.7,13.59,1.31,0.45
2022-03-20 18:00:00+00:00,-42.64,-44.0,-39.79,-39.79,60.11,61.41,0.0,0.45,136.7,156.1,718.0,13.44,1.31,0.48
2022-03-20 19:00:00+00:00,-42.5,-44.59,-39.79,-39.79,60.51,60.97,0.0,0.0,136.8,156.1,718.5,13.24,1.31,0.53
2022-03-20 20:00:00+00:00,-45.32,-47.45,-39.79,-39.79,57.69,57.59,0.0,0.0,136.8,156.1,719.1,13.02,1.32,0.44
2022-03-20 21:00:00+00:00,-49.09,-50.91,-39.79,-39.79,53.7,53.37,0.0,0.0,136.6,156.1,720.0,12.84,1.32,0.4
2022-03-20 22:00:00+00:00,-53.88,-53.85,-39.79,-39.79,48.52,49.66,0.0,0.0,136.6,156.1,721.3,12.76,1.33,0.49
2022-03-20 23:00:00+00:00,-57.72,-56.22,-39.79,-39.79,44.29,46.76,0.0,0.0,136.7,156.1,722.5,12.71,1.33,0.51
2022-03-21 00:00:00+00:00,-999,-999,-39.79,-39.79,42.6,45.38,0.0,0.0,136.7,156.1,723.5,12.69,1.33,0.5
2022-03-21 01:00:00+00:00,-999,-999,-39.79,-39.79,42.11,45.02,0.0,0.0,136.7,156.1,724.1,12.67,1.33,0.52
2022-03-21 02:00:00+00:00,-999,-999,-39.79,-39.79,41.18,44.2,0.0,0.0,136.6,156.1,724.7,12.65,1.34,0.52
2022-03-21 03:00:00+00:00,-999,-999,-39.79,-39.79,41.09,45.35,0.0,0.0,136.7,156.1,725.1,12.61,1.33,0.45
2022-03-21 04:00:00+00:00,-999,-999,-39.79,-39.79,41.89,46.56,0.0,0.0,136.7,156.1,725.3,12.63,1.33,0.61
2022-03-21 05:00:00+00:00,-999,-999,-39.79,-39.79,42.41,46.2,0.0,0.0,136.7,156.1,725.5,12.63,1.33,0.63
2022-03-21 06:00:00+00:00,-999,-999,-39.79,-39.79,41.04,43.43,0.0,0.0,136.7,156.1,726.1,12.6,1.34,0.65
2022-03-21 07:00:00+00:00,-999,-999,-39.79,-39.79,40.41,42.82,0.0,0.0,136.7,156.1,726.9,12.6,1.34,0.69
2022-03-21 08:00:00+00:00,-999,-999,-39.79,-39.79,40.22,42.65,0.0,0.0,136.7,156.1,727.5,12.59,1.34,0.63
2022-03-21 09:00:00+00:00,-999,-999,-39.79,-39.79,39.78,43.37,0.0,0.0,136.7,156.1,728.0,12.6,1.34,0.46
2022-03-21 10:00:00+00:00,-999,-999,-39.79,-39.79,41.18,43.95,0.0,0.0,136.7,156.1,728.1,12.68,1.34,0.49
2022-03-21 11:00:00+00:00,-999,-999,-39.79,-39.79,44.25,44.75,0.0,0.0,136.9,156.1,727.3,12.89,1.34,0.59
2022-03-21 12:00:00+00:00,-999,-999,-39.79,-39.79,47.97,46.31,0.0,0.0,136.9,156.1,726.1,13.29,1.33,0.59
2022-03-21 13:00:00+00:00,-47.63,-49.27,-39.79,-39.79,53.34,50.53,0.0,0.0,136.8,156.1,725.6,13.6,1.33,0.46
2022-03-21 14:00:00+00:00,-41.39,-42.78,-39.63,-39.73,60.07,56.79,0.0,0.0,136.7,156.1,725.2,13.78,1.32,0.54
2022-03-21 15:00:00+00:00,-38.39,-38.26,-37.56,-37.2,64.06,63.37,0.0,0.0,136.8,156.2,724.9,13.86,1.32,0.46
2022-03-21 16:00:00+00:00,-41.33,-39.8,-39.12,-37.39,62.42,66.0,0.0,0.0,136.8,156.2,725.2,13.82,1.32,0.49
2022-03-21 17:00:00+00:00,-41.79,-38.57,-39.72,-36.22,61.7,68.07,0.0,0.0,136.9,156.2,725.4,13.7,1.31,0.52
2022-03-21 18:00:00+00:00,-40.17,-34.44,-39.32,-32.78,63.27,73.16,0.0,0.0,136.9,156.2,725.9,13.52,1.31,0.46
2022-03-21 19:00:00+00:00,-40.52,-39.46,-39.57,-38.02,62.82,67.56,0.0,0.0,136.8,156.2,726.7,13.3,1.32,0.47
2022-03-21 20:00:00+00:00,-44.97,-43.66,-39.79,-39.79,58.03,62.06,0.0,0.0,136.7,156.1,727.8,13.06,1.32,0.47
2022-03-21 21:00:00+00:00,-49.86,-47.89,-39.79,-39.79,52.77,57.16,0.0,0.0,136.7,156.1,729.0,12.86,1.33,0.43
2022-03-21 22:00:00+00:00,-54.46,-51.62,-39.79,-39.79,47.91,52.58,0.0,0.0,136.7,156.1,730.2,12.78,1.33,0.41
2022-03-21 23:00:00+00:00,-57.05,-52.34,-39.79,-39.79,44.99,51.28,0.0,0.0,136.7,156.1,731.3,12.74,1.33,0.44
2022-03-22 00:00:00+00:00,-999,-999,-39.79,-39.79,42.97,48.02,0.0,0.0,136.7,156.1,732.3,12.68,1.33,0.53
2022-03-22 01:00:00+00:00,-999,-999,-39.79,-39.79,42.1,47.46,0.0,0.0,136.7,156.1,732.6,12.68,1.33,0.5
2022-03-22 02:00:00+00:00,-999,-999,-39.79,-39.79,42.36,50.21,0.0,0.0,136.8,156.1,732.8,12.64,1.33,0.48
2022-03-22 03:00:00+00:00,-999,-999,-39.79,-39.79,41.8,46.48,0.0,0.0,136.8,156.1,733.0,12.66,1.33,0.5
2022-03-22 04:00:00+00:00,-999,-999,-39.79,-39.79,42.05,44.99,0.0,0.0,136.8,156.1,733.2,12.66,1.33,0.53
2022-03-22 05:00:00+00:00,-999,-999,-39.79,-39.79,42.62,46.0,0.0,0.0,136.8,156.1,733.0,12.65,1.33,0.44
2022-03-22 06:00:00+00:00,-999,-999,-39.79,-39.79,43.29,46.26,0.0,0.0,136.8,156.1,732.9,12.65,1.33,0.44
2022-03-22 07:00:00+00:00,-999,-999,-39.79,-39.79,44.01,46.51,0.0,0.0,136.8,156.1,732.8,12.63,1.33,0.41
2022-03-22 08:00:00+00:00,-999,-999,-39.79,-39.79,44.93,47.31,0.0,0.0,136.8,156.1,732.5,12.62,1.32,0.41
2022-03-22 09:00:00+00:00,-999,-999,-39.79,-39.79,44.49,46.83,0.0,0.0,136.8,156.2,732.5,12.64,1.33,0.42
2022-03-22 10:00:00+00:00,-999,-999,-39.79,-39.79,46.81,48.58,0.0,0.0,136.8,156.1,731.8,12.74,1.32,0.42
2022-03-22 12:00:00+00:00,-49.38,-49.62,-39.79,-39.79,51.72,52.08,0.0,0.0,137.0,156.2,730.0,13.39,1.31,0.43
2022-03-22 13:00:00+00:00,-47.15,-47.54,-39.79,-39.79,54.04,54.01,0.0,0.0,137.0,156.2,729.5,13.67,1.31,0.46
2022-03-22 15:00:00+00:00,-43.2,-43.77,-39.79,-39.79,58.37,58.99,0.0,0.0,137.0,156.2,728.0,13.92,1.3,0.46
2022-03-22 16:00:00+00:00,-41.61,-42.04,-39.79,-39.79,60.1,61.24,0.0,0.0,137.0,156.3,727.5,13.99,1.29,0.43
2022-03-22 17:00:00+00:00,-40.77,-40.88,-39.79,-39.79,61.06,62.95,0.0,0.0,136.9,156.3,727.2,13.66,1.29,0.55
2022-03-22 18:00:00+00:00,-40.82,-40.92,-39.79,-39.79,60.92,63.05,0.0,0.0,136.9,156.3,727.0,13.45,1.29,0.49
2022-03-22 19:00:00+00:00,-41.06,-41.04,-39.79,-39.79,60.71,63.13,0.0,0.0,136.9,156.3,727.0,13.28,1.29,0.62
2022-03-22 20:00:00+00:00,-42.44,-42.65,-39.79,-39.79,59.18,60.94,0.0,0.0,136.9,156.3,727.0,13.03,1.29,0.5
2022-03-22 21:00:00+00:00,-42.97,-42.93,-39.79,-39.79,58.66,60.44,0.0,0.0,136.9,156.3,727.2,12.87,1.29,0.48
2022-03-22 22:00:00+00:00,-45.02,-44.88,-39.79,-39.79,56.43,58.26,0.0,0.0,136.7,156.3,727.5,12.79,1.29,0.49
2022-03-22 23:00:00+00:00,-46.07,-45.76,-39.79,-39.79,55.44,57.53,0.0,0.0,136.7,156.3,727.6,12.75,1.29,0.64
2022-03-23 00:00:00+00:00,-45.51,-45.13,-39.79,-39.79,56.04,58.2,0.0,0.0,136.8,156.3,727.5,12.73,1.29,0.92
2022-03-23 01:00:00+00:00,-44.37,-44.02,-39.79,-39.79,57.22,59.35,0.0,0.0,136.9,156.3,727.0,12.71,1.29,0.55
2022-03-23 02:00:00+00:00,-43.53,-43.24,-39.79,-39.79,58.06,60.12,0.0,0.0,136.8,156.3,726.5,12.7,1.29,0.61
2022-03-23 03:00:00+00:00,-44.35,-44.08,-39.79,-39.79,57.17,59.22,0.0,0.0,136.8,156.3,726.2,12.69,1.29,0.84
2022-03-23 04:00:00+00:00,-43.69,-43.21,-39.79,-39.79,57.87,60.16,0.0,0.0,136.9,156.3,725.8,12.68,1.29,0.64
2022-03-23 05:00:00+00:00,-44.36,-44.08,-39.79,-39.79,57.16,59.19,0.0,0.0,136.8,156.3,725.7,12.67,1.29,0.7
2022-03-23 06:00:00+00:00,-44.23,-43.81,-39.79,-39.79,57.31,59.55,0.0,0.0,136.8,156.3,725.5,12.66,1.29,0.45
2022-03-23 07:00:00+00:00,-45.48,-45.31,-39.79,-39.79,56.06,57.98,0.0,0.0,136.7,156.3,725.6,12.66,1.3,0.55
2022-03-23 08:00:00+00:00,-47.2,-46.89,-39.79,-39.79,54.28,56.34,0.0,0.0,136.7,156.2,725.9,12.65,1.3,0.48
2022-03-23 09:00:00+00:00,-48.31,-47.89,-39.79,-39.79,53.13,55.25,0.0,0.0,136.7,156.3,726.3,12.65,1.3,0.47
2022-03-23 10:00:00+00:00,-48.1,-47.92,-39.79,-39.79,53.07,54.82,0.0,0.0,136.7,156.2,726.3,12.75,1.3,0.49
2022-03-23 11:00:00+00:00,-46.11,-46.6,-39.79,-39.79,54.66,55.02,0.0,0.0,136.9,156.3,725.7,13.0,1.31,0.46
2022-03-23 12:00:00+00:00,-44.84,-45.64,-39.79,-39.79,56.04,55.81,0.0,0.0,136.9,156.3,725.2,13.26,1.31,0.45
2022-03-23 13:00:00+00:00,-43.77,-44.39,-39.79,-39.79,57.22,56.72,0.0,0.0,136.9,156.3,725.0,13.53,1.3,0.46
2022-03-23 14:00:00+00:00,-43.67,-43.67,-39.79,-39.79,57.63,57.96,0.0,0.0,136.9,156.3,724.8,13.61,1.3,0.43
2022-03-23 15:00:00+00:00,-42.98,-42.91,-39.79,-39.79,58.67,59.66,0.0,0.0,136.9,156.3,724.4,13.9,1.3,0.45
2022-03-23 16:00:00+00:00,-42.13,-42.21,-39.79,-39.79,60.03,61.52,0.0,0.0,136.9,156.3,724.3,13.98,1.3,0.46
2022-03-23 17:00:00+00:00,-41.43,-41.73,-39.79,-39.76,61.31,63.72,0.0,0.0,136.9,156.3,724.4,13.81,1.3,0.37
2022-03-23 18:00:00+00:00,-41.32,-41.83,-39.79,-39.79,61.65,64.46,0.0,0.0,136.9,156.3,724.7,13.59,1.3,0.43
2022-03-23 20:00:00+00:00,-43.21,-45.75,-39.79,-39.79,59.83,59.96,0.0,0.0,136.8,156.2,725.8,13.1,1.31,0.42
2022-03-23 21:00:00+00:00,-46.07,-49.05,-39.79,-39.79,56.75,55.63,0.0,0.0,136.7,156.2,726.5,12.9,1.32,0.47
2022-03-23 22:00:00+00:00,-50.58,-51.77,-39.79,-39.79,51.74,52.0,0.0,0.0,136.7,156.2,727.5,12.82,1.32,0.45
2022-03-23 23:00:00+00:00,-54.67,-53.56,-39.79,-39.79,47.2,49.61,0.0,0.0,136.7,156.2,728.6,12.77,1.33,0.58
2022-03-24 01:00:00+00:00,-57.9,-56.47,-39.79,-39.79,43.81,46.22,0.0,0.0,136.7,156.2,729.9,12.72,1.33,0.42
2022-03-24 02:00:00+00:00,-999,-999,-39.79,-39.79,43.54,45.96,0.0,0.0,136.7,156.2,730.1,12.71,1.33,0.42
2022-03-24 03:00:00+00:00,-999,-999,-39.79,-39.79,43.82,45.96,0.0,0.0,136.7,156.2,730.1,12.7,1.33,0.42
2022-03-24 04:00:00+00:00,-999,-999,-39.79,-39.79,43.57,45.68,0.0,0.0,136.7,156.2,730.2,12.68,1.33,0.43
2022-03-24 05:00:00+00:00,-999,-999,-39.79,-39.79,43.32,45.74,0.0,0.0,136.8,156.2,730.2,12.67,1.33,0.47
2022-03-24 06:00:00+00:00,-999,-999,-39.79,-39.79,43.33,45.97,0.0,0.0,136.8,156.2,730.2,12.67,1.33,0.48
2022-03-24 07:00:00+00:00,-999,-999,-39.79,-39.79,43.26,45.77,0.0,0.0,136.8,156.2,730.2,12.66,1.33,0.5
2022-03-24 08:00:00+00:00,-999,-999,-39.79,-39.79,43.98,46.17,0.0,0.0,136.8,156.2,730.2,12.66,1.33,0.42
2022-03-24 09:00:00+00:00,-999,-999,-39.79,-39.79,44.65,46.75,0.0,0.0,136.7,156.2,730.1,12.67,1.33,0.43
2022-03-24 10:00:00+00:00,-999,-999,-39.79,-39.79,46.97,48.37,0.0,0.0,136.7,156.2,729.7,12.77,1.33,0.69
2022-03-24 11:00:00+00:00,-50.41,-50.77,-39.79,-39.79,50.1,50.31,0.0,0.0,136.9,156.3,728.7,13.02,1.32,0.46
2022-03-24 12:00:00+00:00,-47.6,-48.48,-39.79,-39.79,53.01,52.42,0.0,0.0,137.0,156.3,728.0,13.38,1.32,0.54
2022-03-24 13:00:00+00:00,-45.71,-46.77,-39.79,-39.79,54.96,54.22,0.0,0.0,137.1,156.3,727.7,13.77,1.31,0.43
2022-03-24 14:00:00+00:00,-43.97,-45.21,-39.79,-39.79,56.86,56.22,0.0,0.0,137.0,156.3,727.3,14.12,1.31,0.46
2022-03-24 15:00:00+00:00,-42.39,-43.61,-39.79,-39.79,58.71,58.82,0.0,0.0,137.0,156.4,727.0,14.23,1.3,0.6
2022-03-24 16:00:00+00:00,-41.02,-42.1,-39.79,-39.79,60.48,61.47,0.0,0.0,137.0,156.4,726.9,14.16,1.3,0.45
2022-03-24 17:00:00+00:00,-40.13,-41.16,-39.78,-39.78,61.7,63.44,0.0,0.0,136.9,156.5,727.0,13.85,1.29,0.49
2022-03-24 18:00:00+00:00,-39.57,-40.54,-39.67,-39.64,62.49,64.82,0.0,0.0,136.9,156.4,727.2,13.64,1.29,0.57
2022-03-24 19:00:00+00:00,-39.67,-40.82,-39.67,-39.69,62.49,64.89,0.0,0.0,136.9,156.4,727.6,13.37,1.3,0.45
2022-03-24 20:00:00+00:00,-40.63,-42.22,-39.79,-39.79,61.41,62.24,0.0,0.0,137.0,156.4,727.9,13.1,1.3,0.38
2022-03-24 21:00:00+00:00,-42.97,-44.14,-39.79,-39.79,58.81,59.35,0.0,0.0,136.9,156.4,728.7,12.93,1.3,0.57
2022-03-24 22:00:00+00:00,-45.82,-46.24,-39.79,-39.79,55.85,56.97,0.0,0.0,136.7,156.4,729.6,12.83,1.3,0.6
2022-03-24 23:00:00+00:00,-47.23,-46.86,-39.79,-39.79,54.25,56.29,0.0,0.0,136.7,156.3,730.1,12.79,1.3,0.47
2022-03-25 00:00:00+00:00,-47.24,-46.63,-39.79,-39.79,54.16,56.52,0.0,0.0,136.8,156.1,730.5,12.76,1.3,0.58
2022-03-25 01:00:00+00:00,-46.32,-45.79,-39.79,-39.79,55.08,57.33,0.0,0.0,136.8,156.3,730.8,12.74,1.3,0.53
2022-03-25 02:00:00+00:00,-45.02,-44.25,-39.79,-39.79,56.37,59.0,0.0,0.0,136.9,156.0,730.7,12.73,1.29,0.51
2022-03-25 03:00:00+00:00,-43.78,-43.32,-39.79,-39.79,57.66,59.83,0.0,0.0,136.9,156.1,730.4,12.72,1.29,0.64
2022-03-25 04:00:00+00:00,-43.43,-43.05,-39.79,-39.79,57.96,60.1,0.0,0.0,137.0,157.4,730.2,12.71,1.29,0.58
2022-03-25 05:00:00+00:00,-42.2,-41.75,-39.79,-39.79,59.15,61.47,0.0,0.0,137.0,158.2,730.0,12.69,1.29,0.55
2022-03-25 06:00:00+00:00,-40.24,-39.71,-39.71,-39.27,61.25,63.64,0.0,0.0,137.0,161.1,729.8,12.69,1.28,0.48
2022-03-25 07:00:00+00:00,-39.28,-39.01,-39.35,-38.74,62.22,64.32,0.0,0.0,136.9,161.4,729.5,12.68,1.28,0.47
2022-03-25 08:00:00+00:00,-38.82,-38.56,-38.98,-38.36,62.72,64.82,0.0,0.0,137.0,161.5,729.2,12.68,1.28,1.13
2022-03-25 09:00:00+00:00,-38.51,-38.22,-38.7,-38.04,63.14,65.23,0.0,0.0,136.9,161.7,729.1,12.69,1.28,1.77
2022-03-25 10:00:00+00:00,-38.78,-38.51,-39.08,-38.46,62.73,64.78,0.0,0.0,136.9,161.7,728.8,12.78,1.28,1.38
2022-03-25 11:00:00+00:00,-37.14,-36.96,-37.57,-37.05,64.35,66.31,0.0,0.0,137.0,162.2,728.5,12.94,1.27,1.6
2022-03-25 12:00:00+00:00,-34.54,-34.48,-34.94,-34.59,67.14,68.79,0.0,0.0,136.9,163.3,728.0,13.04,1.27,1.19
2022-03-25 13:00:00+00:00,-33.06,-33.0,-33.48,-33.12,68.68,70.41,0.0,0.0,137.0,174.1,727.9,13.34,1.26,1.61
2022-03-25 14:00:00+00:00,-31.6,-32.11,-32.16,-32.38,70.32,71.01,0.0,0.0,136.9,179.3,728.3,13.93,1.26,1.71
2022-03-25 15:00:00+00:00,-31.27,-32.01,-31.86,-32.25,70.9,71.43,0.0,0.0,137.0,179.4,728.4,13.92,1.26,1.69
2022-03-25 16:00:00+00:00,-30.9,-31.48,-31.44,-31.7,71.49,72.49,0.0,0.0,137.0,179.4,728.2,14.44,1.26,1.29
2022-03-25 17:00:00+00:00,-30.63,-31.34,-31.15,-31.51,72.05,73.15,0.0,0.0,137.0,179.5,728.0,14.14,1.26,1.74
2022-03-25 18:00:00+00:00,-31.1,-31.91,-31.6,-32.02,71.76,73.0,0.0,0.0,137.0,179.5,727.9,13.46,1.27,1.71
2022-03-25 19:00:00+00:00,-32.54,-33.22,-33.14,-33.38,70.07,71.19,0.0,0.0,137.0,179.5,727.8,13.23,1.27,1.79
2022-03-25 20:00:00+00:00,-33.81,-34.33,-34.32,-34.45,68.74,69.86,0.0,0.0,137.0,179.5,728.0,13.04,1.27,1.79
2022-03-25 21:00:00+00:00,-35.52,-35.79,-36.03,-35.85,66.89,68.27,0.0,0.0,137.0,179.5,728.0,12.9,1.27,1.79
2022-03-25 22:00:00+00:00,-36.59,-36.62,-36.94,-36.54,65.87,67.56,0.0,0.0,136.9,179.4,727.9,12.83,1.27,1.79
2022-03-25 23:00:00+00:00,-38.48,-38.52,-38.7,-38.26,64.0,65.71,0.0,0.0,136.9,179.4,727.9,12.79,1.28,1.8
2022-03-26 00:00:00+00:00,-41.02,-40.86,-39.79,-39.73,61.31,63.28,0.0,0.0,136.9,179.4,727.8,12.76,1.28,1.81
2022-03-26 01:00:00+00:00,-41.8,-41.38,-39.79,-39.79,60.37,62.62,0.0,0.0,136.9,179.4,727.8,12.74,1.28,1.81
2022-03-26 02:00:00+00:00,-42.06,-41.76,-39.79,-39.79,60.21,62.31,0.0,0.0,137.0,179.4,727.6,12.73,1.29,1.81
2022-03-26 03:00:00+00:00,-44.44,-44.05,-39.79,-39.79,57.91,60.15,0.0,0.0,136.8,179.4,727.3,12.72,1.29,1.82
2022-03-26 04:00:00+00:00,-46.61,-45.95,-39.79,-39.79,55.52,58.03,0.0,0.0,136.8,179.4,727.2,12.71,1.3,1.83
2022-03-26 05:00:00+00:00,-47.24,-46.46,-39.79,-39.79,54.79,57.35,0.0,0.0,136.8,179.4,727.1,12.7,1.3,1.83
2022-03-26 06:00:00+00:00,-47.47,-46.57,-39.79,-39.79,54.49,57.13,0.0,0.0,136.9,179.4,727.4,12.69,1.3,1.83
2022-03-26 07:00:00+00:00,-47.46,-46.75,-39.79,-39.79,54.41,56.9,0.0,0.0,136.9,179.4,727.6,12.69,1.3,1.83
2022-03-26 08:00:00+00:00,-46.88,-46.24,-39.79,-39.79,54.98,57.33,0.0,0.0,136.9,179.4,727.8,12.68,1.3,1.83
2022-03-26 09:00:00+00:00,-45.85,-45.33,-39.79,-39.79,55.94,58.14,0.0,0.0,136.9,179.4,727.8,12.68,1.29,1.83
2022-03-26 10:00:00+00:00,-44.82,-44.45,-39.79,-39.79,56.94,58.99,0.0,0.0,136.9,179.4,727.9,12.75,1.29,1.83
2022-03-26 11:00:00+00:00,-42.85,-42.48,-39.79,-39.79,58.64,60.27,0.0,0.0,136.9,179.4,727.6,12.99,1.29,1.83
2022-03-26 12:00:00+00:00,-38.13,-38.64,-38.59,-38.79,63.22,63.11,0.0,0.0,136.9,179.5,727.1,13.33,1.29,1.83
2022-03-26 13:00:00+00:00,-33.87,-36.17,-34.25,-36.23,67.83,65.21,0.0,0.0,136.9,179.5,727.0,13.85,1.29,1.83
2022-03-26 14:00:00+00:00,-31.78,-34.59,-31.34,-34.47,70.69,67.31,0.0,0.0,136.9,179.5,727.2,14.31,1.29,1.82
2022-03-26 15:00:00+00:00,-32.12,-33.44,-30.65,-32.84,71.27,69.75,0.0,0.0,136.8,179.4,727.6,14.52,1.28,1.81
2022-03-26 16:00:00+00:00,-29.42,-31.09,-28.29,-30.23,74.21,73.12,0.0,0.0,136.8,179.5,727.7,14.51,1.28,1.81
2022-03-26 17:00:00+00:00,-28.08,-29.65,-27.53,-28.67,75.73,75.7,0.0,0.0,137.0,179.5,728.0,14.37,1.28,1.81
2022-03-26 18:00:00+00:00,-29.06,-29.87,-28.37,-28.63,75.13,77.08,0.0,0.0,137.0,179.4,728.3,13.88,1.28,1.82
2022-03-26 19:00:00+00:00,-31.24,-32.75,-30.82,-31.5,72.94,74.48,0.0,0.0,136.9,179.5,728.6,13.46,1.28,1.82
2022-03-26 20:00:00+00:00,-34.0,-35.84,-33.81,-35.0,70.02,70.94,0.0,0.0,136.9,179.4,729.0,13.19,1.29,1.82
2022-03-26 21:00:00+00:00,-38.0,-39.21,-37.81,-38.47,65.89,66.6,0.0,0.0,136.9,179.4,729.4,12.98,1.29,1.83
2022-03-26 22:00:00+00:00,-42.83,-42.92,-39.79,-39.79,60.22,61.75,0.0,0.0,136.8,179.4,729.8,12.87,1.3,1.8
2022-03-26 23:00:00+00:00,-46.12,-45.15,-39.79,-39.79,56.48,59.19,0.0,0.0,136.8,179.4,730.0,12.82,1.3,1.22
2022-03-27 00:00:00+00:00,-47.84,-45.74,-39.79,-39.79,54.58,58.35,0.0,0.0,136.8,179.4,730.4,12.79,1.3,1.67
2022-03-27 01:00:00+00:00,-47.84,-45.47,-39.79,-39.79,54.39,58.67,0.0,0.0,136.9,179.4,730.9,12.77,1.3,1.71
2022-03-27 02:00:00+00:00,-47.58,-45.96,-39.79,-39.79,54.64,58.11,0.0,0.0,136.9,179.4,731.4,12.75,1.3,1.18
2022-03-27 03:00:00+00:00,-47.09,-45.75,-39.79,-39.79,55.01,58.22,0.0,0.0,136.9,179.4,731.8,12.74,1.3,0.6
2022-03-27 04:00:00+00:00,-46.44,-45.39,-39.79,-39.79,55.65,58.54,0.0,0.0,137.0,179.4,732.1,12.73,1.3,0.55
2022-03-27 05:00:00+00:00,-45.15,-44.21,-39.79,-39.79,56.94,59.75,0.0,0.0,137.1,179.4,732.1,12.72,1.29,1.69
2022-03-27 06:00:00+00:00,-45.07,-44.36,-39.79,-39.79,57.06,59.54,0.0,0.0,137.0,179.4,732.3,12.71,1.29,1.79
2022-03-27 07:00:00+00:00,-45.19,-44.55,-39.79,-39.79,56.87,59.33,0.0,0.0,137.0,179.4,732.7,12.7,1.29,1.83
2022-03-27 08:00:00+00:00,-44.95,-44.26,-39.79,-39.79,57.01,59.54,0.0,0.0,137.1,179.4,733.0,12.7,1.29,1.82
2022-03-27 09:00:00+00:00,-43.84,-43.07,-39.79,-39.79,58.03,60.74,0.0,0.0,137.2,179.4,733.1,12.71,1.28,1.82
2022-03-27 10:00:00+00:00,-41.37,-40.73,-39.79,-39.75,60.5,63.05,0.0,0.0,137.2,179.2,733.0,12.8,1.28,1.73
2022-03-27 11:00:00+00:00,-38.97,-38.48,-39.04,-38.39,62.92,65.28,0.0,0.0,137.2,179.5,732.8,12.98,1.28,1.34
2022-03-27 12:00:00+00:00,-37.0,-36.67,-37.31,-36.84,64.86,66.9,0.0,0.0,137.1,179.7,732.8,13.15,1.27,1.33
2022-03-27 13:00:00+00:00,-35.01,-34.61,-35.26,-34.84,66.9,68.75,0.0,0.0,137.2,179.7,733.0,13.6,1.27,1.31
2022-03-27 14:00:00+00:00,-33.62,-33.39,-33.93,-33.66,68.37,70.16,0.0,0.0,137.2,179.8,733.6,14.07,1.26,0.82
2022-03-27 15:00:00+00:00,-31.24,-31.03,-31.39,-31.19,71.01,72.81,0.0,0.0,137.2,179.8,733.9,13.6,1.26,0.24
2022-03-27 16:00:00+00:00,-29.71,-29.54,-30.01,-29.74,72.59,74.44,0.0,0.0,137.2,179.9,734.1,13.55,1.25,0.09
2022-03-27 17:00:00+00:00,-27.94,-27.74,-28.19,-27.85,74.52,76.38,0.0,0.0,137.1,179.9,734.4,13.69,1.25,0.56
2022-03-27 18:00:00+00:00,-26.91,-26.77,-27.14,-26.79,75.72,77.57,0.0,0.0,137.0,180.1,734.8,13.48,1.25,1.23
2022-03-27 19:00:00+00:00,-26.67,-26.65,-26.86,-26.58,76.09,77.94,0.0,0.0,137.0,180.1,735.2,13.44,1.25,1.57
2022-03-27 20:00:00+00:00,-27.23,-27.47,-27.21,-27.19,75.89,77.71,0.0,0.0,137.0,180.1,735.3,13.21,1.25,1.69
2022-03-27 21:00:00+00:00,-29.86,-30.33,-29.9,-30.06,73.37,74.68,0.0,0.0,136.9,180.1,735.6,13.03,1.26,1.7
2022-03-27 22:00:00+00:00,-31.92,-31.84,-32.34,-31.95,70.76,72.74,0.0,0.0,136.9,180.0,736.0,12.91,1.26,1.7
2022-03-27 23:00:00+00:00,-29.96,-29.7,-30.15,-29.59,72.75,74.95,0.0,0.0,137.0,180.1,736.4,12.85,1.25,1.69
2022-03-28 00:00:00+00:00,-31.29,-31.23,-31.6,-31.12,71.48,73.36,0.0,0.0,137.0,180.0,736.6,12.81,1.26,1.7
2022-03-28 01:00:00+00:00,-32.42,-32.12,-32.67,-32.02,70.32,72.52,0.0,0.0,136.9,180.1,736.8,12.78,1.26,1.71
2022-03-28 02:00:00+00:00,-33.31,-32.88,-33.64,-32.86,69.28,71.66,0.0,0.0,136.9,180.1,737.0,12.76,1.26,1.71
2022-03-28 03:00:00+00:00,-33.97,-33.69,-34.2,-33.47,68.79,71.05,0.0,0.0,136.9,180.1,737.1,12.75,1.27,1.71
2022-03-28 04:00:00+00:00,-35.87,-35.41,-36.18,-35.3,66.76,69.21,0.0,0.0,136.9,180.1,737.3,12.73,1.27,1.68
2022-03-28 05:00:00+00:00,-37.25,-36.6,-37.53,-36.46,65.3,67.97,0.0,0.0,136.9,180.0,737.5,12.72,1.27,1.72
2022-03-28 06:00:00+00:00,-38.2,-37.58,-38.46,-37.47,64.23,66.88,0.0,0.0,136.9,180.1,737.7,12.71,1.27,1.6
2022-03-28 07:00:00+00:00,-38.02,-37.08,-38.29,-37.08,64.25,67.22,0.0,0.0,136.9,180.0,738.0,12.7,1.27,1.72
2022-03-28 08:00:00+00:00,-38.05,-37.25,-38.26,-37.09,64.33,67.21,0.0,0.0,136.9,180.0,738.4,12.7,1.27,1.68
2022-03-28 09:00:00+00:00,-38.15,-37.29,-38.52,-37.38,63.98,66.75,0.0,0.0,136.9,180.1,738.5,12.75,1.28,1.68
2022-03-28 10:00:00+00:00,-36.29,-35.63,-36.91,-36.02,65.45,67.6,0.0,0.0,136.9,179.8,738.9,12.94,1.27,1.68
2022-03-28 11:00:00+00:00,-34.77,-33.87,-35.09,-34.31,67.04,69.11,0.0,0.0,136.9,180.1,739.3,13.42,1.27,1.72
2022-03-28 12:00:00+00:00,-32.75,-32.07,-33.07,-32.46,69.11,70.72,0.0,0.0,136.9,180.1,739.6,14.3,1.27,1.71
2022-03-28 13:00:00+00:00,-30.26,-29.46,-30.29,-29.76,71.69,73.23,0.0,0.0,136.9,180.2,739.9,14.82,1.26,1.7
2022-03-28 14:00:00+00:00,-27.87,-27.53,-27.57,-27.51,74.47,75.54,0.0,0.0,136.9,180.1,740.1,14.81,1.26,1.7
2022-03-28 15:00:00+00:00,-25.84,-26.16,-25.57,-25.86,76.88,77.65,0.0,0.0,136.9,180.1,740.2,14.48,1.26,1.7
2022-03-28 16:00:00+00:00,-23.88,-24.8,-23.73,-24.24,79.18,79.82,0.0,0.0,136.9,180.1,740.2,14.83,1.26,1.7
2022-03-28 17:00:00+00:00,-23.58,-24.46,-23.56,-23.87,79.64,80.9,0.0,0.0,136.9,180.1,740.4,14.75,1.25,1.7
2022-03-28 18:00:00+00:00,-22.69,-23.41,-22.56,-22.64,80.6,82.7,0.0,0.0,136.9,180.2,740.4,14.79,1.25,1.69
2022-03-28 19:00:00+00:00,-23.16,-23.76,-23.13,-23.02,80.2,82.8,0.0,0.0,136.9,180.1,740.5,14.4,1.25,1.7
2022-03-28 20:00:00+00:00,-24.98,-25.42,-25.13,-25.07,78.52,81.4,0.0,0.0,137.0,180.1,740.7,13.59,1.26,1.7
2022-03-28 21:00:00+00:00,-28.15,-28.4,-28.42,-28.19,75.3,77.79,0.0,0.0,136.9,180.1,740.8,13.16,1.26,1.71
2022-03-28 22:00:00+00:00,-31.68,-31.24,-32.09,-31.12,71.58,74.33,0.0,0.0,136.9,180.0,740.9,12.99,1.27,1.71
2022-03-28 23:00:00+00:00,-34.8,-33.65,-35.22,-33.56,68.12,71.56,0.0,0.0,136.9,180.0,740.8,12.9,1.27,1.72
2022-03-29 00:00:00+00:00,-35.87,-34.62,-36.22,-34.59,66.85,70.29,0.0,0.0,136.9,180.0,740.7,12.85,1.27,1.72
2022-03-29 01:00:00+00:00,-36.06,-34.88,-36.38,-34.87,66.56,69.85,0.0,0.0,136.9,180.0,740.6,12.82,1.27,1.72
2022-03-29 02:00:00+00:00,-35.95,-35.02,-36.23,-34.92,66.65,69.74,0.0,0.0,136.9,180.0,740.4,12.79,1.27,1.64
2022-03-29 03:00:00+00:00,-35.67,-34.75,-35.89,-34.71,66.91,69.82,0.0,0.0,136.9,180.0,740.4,12.77,1.27,1.71
2022-03-29 04:00:00+00:00,-35.26,-34.4,-35.48,-34.31,67.3,70.2,0.0,0.0,136.9,180.0,740.1,12.76,1.27,1.71
2022-03-29 05:00:00+00:00,-35.12,-34.28,-35.32,-34.18,67.44,70.32,0.0,0.0,136.9,180.0,739.9,12.75,1.27,1.71
2022-03-29 06:00:00+00:00,-35.02,-34.27,-35.21,-34.14,67.54,70.37,0.0,0.0,136.9,180.0,739.9,12.74,1.27,1.72
2022-03-29 07:00:00+00:00,-36.07,-35.51,-36.4,-35.35,66.48,69.27,0.0,0.0,136.9,180.0,739.9,12.73,1.27,1.72
2022-03-29 08:00:00+00:00,-36.76,-36.02,-37.02,-35.96,65.69,68.49,0.0,0.0,136.9,180.0,739.8,12.73,1.27,1.68
2022-03-30 01:00:00+00:00,-33.3,-32.29,-33.6,-32.46,69.15,72.02,0.0,0.0,137.0,180.0,738.6,12.84,1.26,1.17
2022-03-30 03:00:00+00:00,-30.8,-30.12,-31.04,-30.02,71.9,74.48,0.0,0.0,137.0,180.0,738.6,12.79,1.25,1.7
2022-04-01 21:00:00+00:00,-23.16,-23.42,-23.65,-23.38,79.71,81.2,0.0,0.0,137.0,180.1,735.0,-999,1.25,0.24
2022-04-03 21:00:00+00:00,-22.72,-23.07,-22.22,-22.27,81.1,82.8,0.0,0.0,137.4,180.2,730.0,14.06,1.24,1.65
2022-04-03 22:00:00+00:00,-25.33,-25.56,-25.15,-25.17,78.41,79.95,0.0,0.0,137.3,180.2,730.1,13.39,1.23,1.64
2022-04-03 23:00:00+00:00,-27.36,-27.39,-27.31,-27.06,76.27,78.03,0.0,0.0,137.3,180.2,730.2,13.23,1.24,1.64
2022-04-04 00:00:00+00:00,-28.11,-27.94,-28.32,-27.87,75.2,77.22,0.0,0.0,137.3,180.2,730.2,13.11,1.23,1.65
2022-04-04 01:00:00+00:00,-29.42,-29.19,-29.56,-29.0,73.98,76.19,0.0,0.0,137.3,180.2,730.2,13.03,1.23,1.65
2022-04-04 02:00:00+00:00,-30.34,-30.03,-30.51,-29.87,72.95,75.24,0.0,0.0,137.2,180.2,730.2,12.96,1.23,1.65
2022-04-04 03:00:00+00:00,-31.19,-30.88,-31.36,-30.73,72.09,74.34,0.0,0.0,137.3,180.2,730.2,12.92,1.23,1.65
2022-04-04 04:00:00+00:00,-32.63,-32.39,-32.7,-32.07,70.75,73.1,0.0,0.0,137.3,180.2,730.0,12.88,1.24,1.66
2022-04-04 05:00:00+00:00,-33.89,-33.63,-34.12,-33.45,69.29,71.69,0.0,0.0,137.2,180.2,730.1,12.85,1.24,1.66
2022-04-05 21:00:00+00:00,-27.33,-27.77,-27.43,-27.26,76.41,78.61,0.0,0.0,136.8,180.2,733.1,13.93,1.23,1.69
2022-04-05 22:00:00+00:00,-28.96,-29.39,-29.11,-29.04,74.62,76.57,0.0,0.0,136.8,180.1,733.0,13.59,1.24,1.7
2022-04-06 00:00:00+00:00,-34.9,-32.91,-35.25,-32.66,68.3,72.58,0.0,0.0,136.8,180.1,732.8,-999,1.25,1.7
2022-04-06 01:00:00+00:00,-37.06,-35.34,-37.4,-35.12,65.96,70.06,0.0,0.0,136.7,180.1,732.6,13.17,1.25,1.7
2022-04-06 02:00:00+00:00,-38.38,-36.73,-38.65,-36.61,64.49,68.43,0.0,0.0,136.7,180.1,732.5,13.09,1.25,1.7
2022-04-06 03:00:00+00:00,-38.78,-37.34,-39.0,-37.18,63.95,67.71,0.0,0.0,136.7,180.1,732.2,13.03,1.25,1.7
2022-04-06 23:00:00+00:00,-29.71,-29.59,-30.05,-29.43,73.59,75.94,0.0,0.0,136.9,180.1,728.5,13.43,1.23,1.66
2022-04-07 01:00:00+00:00,-31.06,-30.87,-31.37,-30.75,72.04,74.28,0.0,0.0,136.8,180.1,727.9,13.21,1.23,1.66
2022-04-07 03:00:00+00:00,23.4,23.4,-999,23.66,23.4,23.3,6.44,23.4,6.12,23.33,-999,-999,1.34,6.44
2022-04-07 04:00:00+00:00,-33.06,-32.35,-33.39,-32.24,69.87,72.66,0.0,0.0,136.8,180.1,-999,13.01,1.24,1.66
2022-04-07 07:00:00+00:00,-36.26,-35.34,-36.59,-35.28,66.41,69.53,0.0,0.0,136.8,180.0,725.8,12.89,1.24,1.67
2022-04-07 10:00:00+00:00,-32.16,-32.01,-32.99,-32.52,70.3,72.43,0.0,0.0,136.8,180.1,724.7,14.06,1.24,1.66
2022-04-07 18:00:00+00:00,-999,-999,-999,-999,-999,-999,-999,-999,-999,-999,-999,-999,-999,-999
2022-04-07 21:00:00+00:00,-31.22,-32.22,-31.3,-31.68,72.81,74.44,0.0,0.0,136.8,180.1,-999,14.22,1.24,1.68
2022-04-07 22:00:00+00:00,-34.95,-35.95,-35.21,-35.53,68.74,70.26,0.0,0.0,136.9,180.0,722.7,13.81,1.25,1.69
2022-04-08 02:00:00+00:00,-41.58,-40.65,-39.79,-39.72,60.79,63.71,0.0,0.0,137.1,180.1,722.8,13.22,1.25,1.68
2022-04-08 03:00:00+00:00,-38.4,-37.93,-38.55,-37.96,64.18,66.37,0.0,0.0,137.0,180.1,722.8,13.15,1.24,1.68
2022-04-08 23:00:00+00:00,-42.94,-43.21,-39.79,-39.79,59.69,61.56,0.0,0.0,136.9,180.0,723.7,13.63,1.26,1.76
2022-04-09 01:00:00+00:00,-46.46,-45.97,-39.79,-39.79,55.95,58.33,0.0,0.0,137.0,180.0,723.8,13.39,1.27,1.77
2022-04-09 04:00:00+00:00,-46.78,-46.37,-39.79,-39.79,55.51,57.76,0.0,0.0,137.0,180.0,723.8,13.16,1.27,1.73
2022-04-09 07:00:00+00:00,-47.49,-46.95,-39.79,-39.79,54.67,57.06,0.0,0.0,137.1,180.0,723.8,13.0,1.27,1.72
2022-04-09 12:00:00+00:00,-36.49,-38.11,-38.17,-38.76,21.35,-999,23.4,23.4,23.33,23.39,-999,-999,-999,-999
2022-04-09 19:00:00+00:00,-31.36,-33.02,-32.37,-33.19,71.45,72.08,0.0,0.0,137.1,180.0,-999,15.24,1.22,1.67
2022-04-09 22:00:00+00:00,-38.56,-40.64,-39.06,-39.57,64.3,64.34,0.0,0.0,136.9,180.0,725.1,14.03,1.24,1.7
2022-04-10 00:00:00+00:00,-46.84,-46.96,-39.79,-39.79,55.72,57.49,0.0,0.0,137.0,180.0,725.6,13.6,1.26,1.71
2022-04-10 01:00:00+00:00,-49.33,-48.64,-39.79,-39.79,53.11,55.66,0.0,0.0,137.0,180.0,725.7,13.47,1.26,1.72
2022-04-10 02:00:00+00:00,-50.85,-49.92,-39.79,-39.79,51.61,54.38,0.0,0.0,137.0,180.0,725.8,13.37,1.26,1.72
2022-04-10 03:00:00+00:00,-52.23,-51.02,-39.79,-39.79,50.19,53.18,0.0,0.0,137.0,180.0,725.9,13.28,1.27,1.73
2022-04-10 07:00:00+00:00,-54.07,-52.34,-39.79,-39.79,48.22,51.55,0.0,0.0,137.0,180.0,726.9,13.06,1.27,1.73
2022-04-10 22:00:00+00:00,-35.63,-36.26,-36.22,-36.34,66.94,67.87,0.0,0.0,137.5,209.2,728.9,13.93,1.23,1.69
2022-04-10 23:00:00+00:00,-36.63,-36.54,-36.96,-36.5,65.89,67.76,0.0,0.0,137.4,213.1,729.1,13.73,1.23,1.67
2022-04-11 00:00:00+00:00,-36.43,-36.22,-36.72,-36.17,66.07,68.14,0.0,0.0,137.4,215.9,729.4,13.61,1.23,1.67
2022-04-11 01:00:00+00:00,-35.07,-34.94,-35.34,-34.84,67.44,69.48,0.0,0.0,137.5,223.9,729.6,13.51,1.21,1.65
2022-04-11 03:00:00+00:00,-34.01,-33.94,-34.27,-33.88,68.57,70.41,0.0,0.0,137.5,218.9,729.9,13.35,1.22,1.66
2022-04-11 04:00:00+00:00,-34.67,-34.63,-34.96,-34.57,67.91,69.68,0.0,0.0,137.5,207.1,730.0,13.28,1.23,1.67
2022-04-11 05:00:00+00:00,-34.89,-34.73,-35.17,-34.68,67.62,69.68,0.0,0.0,137.4,215.1,730.2,13.22,1.23,1.67
2022-04-11 06:00:00+00:00,-33.67,-33.61,-33.95,-33.55,68.86,70.85,0.0,0.0,137.5,224.3,730.4,13.17,1.23,1.66
2022-04-11 07:00:00+00:00,-33.02,-32.94,-33.3,-32.87,69.58,71.41,0.0,0.0,137.5,222.7,730.6,13.12,1.23,1.66
2022-04-11 08:00:00+00:00,-34.05,-34.02,-34.43,-33.99,68.56,70.33,0.0,0.0,137.4,200.7,730.8,13.16,1.24,1.67
2022-04-11 19:00:00+00:00,-24.5,-25.02,-25.34,-25.31,78.24,79.26,0.0,0.0,137.5,200.9,731.8,14.72,1.22,1.64
2022-04-11 20:00:00+00:00,-25.89,-26.76,-26.81,-26.99,77.1,77.99,0.0,0.0,137.4,194.5,731.9,-999,1.22,1.65
2022-04-11 21:00:00+00:00,-28.36,-29.14,-29.2,-29.29,74.63,75.68,0.0,0.0,137.4,195.9,732.0,14.14,1.23,1.66
2022-04-11 22:00:00+00:00,-30.67,-31.03,-31.31,-31.11,72.26,73.82,0.0,0.0,137.4,188.3,731.8,13.9,1.23,1.66
2022-04-11 23:00:00+00:00,-32.8,-32.92,-33.38,-32.94,70.16,72.05,0.0,0.0,137.4,181.7,731.7,13.75,1.23,1.66
2022-04-12 00:00:00+00:00,-33.76,-33.61,-34.1,-33.59,69.06,71.17,0.0,0.0,137.4,187.0,731.7,13.64,1.23,1.66
2022-04-12 01:00:00+00:00,-34.98,-35.05,-35.5,-34.97,67.94,69.92,0.0,0.0,137.4,178.8,731.5,13.55,1.23,1.67
2022-04-12 02:00:00+00:00,-37.14,-37.01,-37.53,-36.94,65.6,67.8,0.0,0.0,137.3,182.8,731.4,13.46,1.23,1.68
2022-04-12 03:00:00+00:00,-36.97,-36.49,-37.13,-36.43,65.64,68.28,0.0,0.0,137.4,194.1,731.3,13.4,1.22,1.67
2022-04-12 04:00:00+00:00,-35.5,-35.26,-35.72,-35.18,67.18,69.41,0.0,0.0,137.4,195.8,731.2,13.33,1.22,1.67
2022-04-12 05:00:00+00:00,-35.54,-35.37,-35.81,-35.29,67.08,69.29,0.0,0.0,137.3,195.9,731.0,13.27,1.22,1.67
2022-04-12 06:00:00+00:00,-36.05,-35.9,-36.35,-35.78,66.61,68.74,0.0,0.0,137.3,189.4,730.8,13.22,1.23,1.67
2022-04-12 07:00:00+00:00,-37.38,-37.27,-37.75,-37.16,65.21,67.33,0.0,0.0,137.4,186.4,730.7,13.17,1.23,1.68
2022-04-12 08:00:00+00:00,-37.58,-37.27,-37.96,-37.32,64.76,67.09,0.0,0.0,137.4,190.2,730.7,13.24,1.23,1.67
2022-04-12 10:00:00+00:00,-33.35,-33.42,-34.11,-33.81,68.61,70.23,0.0,0.0,137.4,198.9,730.5,14.47,1.23,1.67
2022-04-12 16:00:00+00:00,-25.17,-24.7,-25.73,-25.13,77.17,78.41,0.0,2.65,137.5,216.1,729.9,14.58,1.2,1.57
2022-04-12 17:00:00+00:00,-24.53,-24.28,-25.08,-24.67,77.94,79.04,0.0,2.77,137.5,218.3,729.8,14.38,1.21,1.61
2022-04-12 18:00:00+00:00,-24.34,-24.25,-24.92,-24.63,78.15,79.32,0.0,3.17,137.5,216.1,729.8,14.68,1.22,1.63
2022-04-12 19:00:00+00:00,-24.25,-24.37,-24.89,-24.69,78.36,79.4,0.0,3.12,137.5,218.3,729.8,14.53,1.22,1.63
2022-04-12 20:00:00+00:00,-25.12,-25.46,-25.79,-25.76,77.61,78.57,0.0,3.86,137.5,213.9,729.7,14.31,1.22,1.64
2022-04-12 21:00:00+00:00,-26.82,-27.23,-27.53,-27.44,76.04,77.01,0.0,3.58,137.5,212.3,729.7,14.13,1.23,1.65
2022-04-12 22:00:00+00:00,-29.45,-30.0,-30.22,-30.19,73.43,74.37,0.0,3.91,137.5,209.6,729.6,14.03,1.23,1.66
2022-04-12 23:00:00+00:00,-31.88,-32.0,-32.41,-32.06,71.04,72.61,0.0,3.33,137.4,210.6,729.6,13.84,1.23,1.66
2022-04-13 00:00:00+00:00,-33.64,-33.45,-34.0,-33.45,69.23,71.4,0.0,3.99,137.4,208.7,729.6,13.72,1.24,1.67
2022-04-13 01:00:00+00:00,-34.5,-34.51,-34.95,-34.51,68.4,70.18,0.0,4.4,137.4,202.9,729.7,13.62,1.24,1.67
2022-04-13 02:00:00+00:00,-36.48,-36.46,-36.88,-36.4,66.33,68.27,0.0,4.7,137.4,197.8,729.6,13.54,1.25,1.68
2022-04-13 03:00:00+00:00,-37.72,-37.54,-38.02,-37.45,64.99,67.13,0.0,5.0,137.4,193.8,729.4,13.47,1.25,1.69
2022-04-13 04:00:00+00:00,-38.3,-38.04,-38.53,-37.89,64.37,66.56,0.0,4.84,137.4,190.1,729.2,13.41,1.25,1.69
2022-04-13 05:00:00+00:00,-38.92,-38.57,-39.08,-38.38,63.64,65.97,0.0,5.09,137.4,187.1,729.0,13.35,1.25,1.69
2022-04-13 06:00:00+00:00,-38.44,-37.75,-38.54,-37.58,64.05,66.83,0.0,5.43,137.4,188.9,728.8,13.3,1.25,1.68
2022-04-13 07:00:00+00:00,-36.53,-35.7,-36.62,-35.58,65.89,68.9,0.0,5.6,137.4,190.8,728.8,13.24,1.24,1.68
2022-04-13 08:00:00+00:00,-34.78,-34.36,-35.02,-34.31,67.69,70.16,0.0,5.87,137.4,189.6,728.5,13.26,1.24,1.67
2022-04-13 09:00:00+00:00,-32.62,-32.5,-33.21,-32.72,69.63,71.74,0.0,6.37,137.4,189.9,728.2,13.52,1.23,1.66
2022-04-13 10:00:00+00:00,-29.71,-30.56,-30.72,-31.01,72.43,73.29,0.0,6.54,137.4,191.7,727.9,13.94,1.23,1.66
2022-04-13 12:00:00+00:00,-27.04,-27.62,-27.93,-28.07,75.18,76.12,0.0,6.8,137.5,201.0,727.3,14.82,1.22,1.65
2022-04-13 13:00:00+00:00,-25.69,-26.12,-26.57,-26.62,76.42,77.37,0.0,6.48,137.5,203.9,727.1,14.12,1.22,1.65
2022-04-13 14:00:00+00:00,-24.81,-25.18,-25.65,-25.65,77.36,78.12,0.0,6.13,137.6,208.8,726.9,14.05,1.22,1.64
2022-04-13 15:00:00+00:00,-24.17,-23.99,-24.75,-24.44,78.16,79.24,0.0,4.73,137.6,214.5,726.8,13.97,1.22,1.64
2022-04-13 16:00:00+00:00,-23.45,-23.27,-24.1,-23.66,79.01,80.0,0.0,5.32,137.6,212.4,726.6,13.97,1.21,1.64
2022-04-13 17:00:00+00:00,-22.89,-22.82,-23.58,-23.15,79.7,80.8,0.0,5.51,137.6,210.5,726.5,13.99,1.21,1.64
2022-04-13 18:00:00+00:00,-22.22,-22.33,-22.98,-22.65,80.4,81.4,0.0,4.59,137.6,212.5,726.4,15.1,1.21,1.63
2022-04-13 19:00:00+00:00,-21.77,-22.03,-22.51,-22.29,80.9,81.9,0.0,4.28,137.6,213.6,726.3,15.19,1.21,1.63
2022-04-13 20:00:00+00:00,-21.86,-22.0,-22.39,-22.23,80.9,82.0,0.0,4.12,137.6,219.6,726.2,14.53,1.21,1.63
2022-04-13 21:00:00+00:00,-22.43,-22.37,-22.85,-22.53,80.4,81.5,0.0,5.03,137.6,227.7,726.2,14.11,1.21,1.63
2022-04-13 22:00:00+00:00,-24.03,-24.52,-24.63,-24.57,79.14,80.0,0.0,4.48,137.6,199.7,726.1,13.96,1.22,1.63
2022-04-13 23:00:00+00:00,-27.61,-28.26,-28.2,-28.32,75.66,76.67,0.0,4.8,137.5,192.9,726.0,13.82,1.23,1.64
2022-04-14 00:00:00+00:00,-27.74,-27.26,-27.84,-27.22,75.16,77.83,0.0,5.48,137.5,211.6,726.0,13.72,1.22,1.63
2022-04-14 01:00:00+00:00,-24.97,-24.73,-25.12,-24.63,77.99,80.2,0.0,5.46,137.6,224.5,725.9,13.64,1.21,1.63
2022-04-14 02:00:00+00:00,-25.02,-24.87,-25.29,-24.79,78.01,79.72,0.0,5.61,137.6,221.5,725.9,13.56,1.22,1.58
2022-04-14 03:00:00+00:00,-26.08,-26.07,-26.43,-26.04,77.0,78.61,0.0,5.06,137.6,218.4,725.9,13.5,1.22,1.62
2022-04-14 04:00:00+00:00,-28.35,-28.62,-28.83,-28.56,74.88,76.27,0.0,4.5,137.5,203.3,725.7,13.44,1.23,1.63
2022-04-14 05:00:00+00:00,-28.55,-28.13,-28.72,-28.06,74.44,76.7,0.0,5.17,137.5,196.3,725.5,13.39,1.22,1.63
2022-04-14 06:00:00+00:00,-29.7,-29.84,-30.12,-29.82,73.44,74.95,0.0,4.87,137.5,192.6,725.4,13.33,1.23,1.64
2022-04-14 07:00:00+00:00,-30.99,-30.61,-31.26,-30.59,71.93,74.22,0.0,5.23,137.5,195.4,725.3,13.28,1.23,1.64
2022-04-14 08:00:00+00:00,-29.73,-29.34,-30.03,-29.35,73.21,75.34,0.0,5.44,137.6,190.2,725.2,13.32,1.23,1.64
2022-04-14 09:00:00+00:00,-28.3,-27.99,-28.74,-28.11,74.27,76.69,0.0,6.93,137.6,189.2,725.2,13.44,1.22,1.63
2022-04-14 10:00:00+00:00,-24.16,-23.91,-24.54,-24.09,78.41,80.3,0.0,8.4,137.6,197.6,725.1,13.66,1.21,1.64
2022-04-14 11:00:00+00:00,-23.09,-23.24,-23.7,-23.48,79.35,80.8,0.0,9.08,137.6,195.5,725.1,14.9,1.21,1.62
2022-04-14 12:00:00+00:00,-21.69,-21.43,-22.19,-21.76,80.6,82.4,0.0,9.51,137.7,198.8,725.1,14.71,1.18,1.57
2022-04-14 13:00:00+00:00,-20.66,-20.51,-21.2,-20.88,81.5,83.0,0.0,9.85,137.7,201.1,725.2,15.07,1.2,1.61
2022-04-14 14:00:00+00:00,-19.65,-19.29,-20.22,-19.8,82.4,83.8,0.0,8.97,137.7,206.6,725.2,14.4,1.21,1.62
2022-04-14 15:00:00+00:00,-18.95,-18.81,-19.55,-19.28,83.1,84.7,0.0,8.57,137.8,202.0,725.2,13.89,1.2,1.62
2022-04-14 16:00:00+00:00,-18.7,-18.98,-19.31,-19.33,83.5,85.0,0.0,8.41,137.8,193.5,725.1,13.87,1.21,1.62
2022-04-14 17:00:00+00:00,-18.5,-18.79,-19.0,-19.03,83.7,85.2,0.0,9.62,137.8,193.5,725.0,13.99,1.2,1.62
2022-04-14 18:00:00+00:00,-18.68,-19.18,-19.23,-19.35,83.6,84.7,0.0,9.21,137.8,193.5,725.0,15.03,1.2,1.62
2022-04-14 19:00:00+00:00,-18.94,-19.49,-19.49,-19.67,83.5,84.8,0.0,7.61,137.8,193.0,725.1,14.88,1.21,1.62
2022-04-14 20:00:00+00:00,-19.44,-20.15,-19.96,-20.24,83.1,84.1,0.0,7.46,137.9,188.0,725.1,14.52,1.21,1.62
2022-04-14 21:00:00+00:00,-20.89,-21.57,-21.4,-21.61,81.8,82.8,0.0,7.12,137.9,187.6,724.9,14.1,1.21,1.62
2022-04-14 22:00:00+00:00,-22.13,-22.33,-22.55,-22.4,80.7,82.2,0.0,6.7,137.7,186.5,724.9,13.94,1.21,1.62
2022-04-14 23:00:00+00:00,-21.19,-20.95,-21.38,-20.99,81.7,83.7,0.0,8.86,137.8,185.5,724.8,13.82,1.21,1.62
2022-04-15 00:00:00+00:00,-21.41,-21.59,-21.7,-21.43,81.4,82.5,0.0,7.83,137.8,184.6,724.8,13.73,1.21,1.62
2022-04-15 01:00:00+00:00,-23.89,-24.05,-24.21,-23.91,79.06,80.3,0.0,7.26,137.8,179.0,724.8,13.66,1.21,1.63
2022-04-15 02:00:00+00:00,-24.9,-24.56,-25.13,-24.64,78.2,80.5,0.0,7.42,137.8,186.1,724.9,13.58,1.21,1.63
2022-04-15 03:00:00+00:00,-23.22,-23.08,-23.41,-23.03,79.79,81.6,0.0,6.94,137.8,189.5,724.8,13.52,1.21,1.63
2022-04-15 04:00:00+00:00,-23.12,-22.96,-23.33,-22.95,79.88,81.8,0.0,6.92,137.8,191.5,724.8,13.47,1.2,1.63
2022-04-15 05:00:00+00:00,-22.13,-22.01,-22.33,-21.96,80.8,82.6,0.0,5.91,137.8,196.3,724.7,13.42,1.19,1.63
2022-04-15 06:00:00+00:00,-22.02,-21.92,-22.24,-21.89,80.9,82.6,0.0,4.36,137.7,193.8,724.6,13.37,1.19,1.64
2022-04-15 07:00:00+00:00,-22.49,-22.55,-22.77,-22.5,80.5,81.9,0.0,4.13,137.7,183.8,724.5,13.32,1.2,1.65
2022-04-15 08:00:00+00:00,-23.42,-23.52,-23.75,-23.5,79.56,81.1,0.0,2.69,137.6,174.1,724.4,13.29,1.2,1.65
2022-04-15 10:00:00+00:00,-25.17,-25.27,-25.68,-25.38,77.63,79.3,0.0,3.2,137.6,163.2,724.1,13.35,1.2,1.65
2022-04-15 11:00:00+00:00,-23.5,-23.66,-24.18,-23.89,79.03,80.6,0.0,2.84,137.6,169.1,724.0,13.52,1.2,1.64
2022-04-15 12:00:00+00:00,-19.78,-19.97,-20.55,-20.26,82.3,83.9,0.0,3.83,137.6,168.9,723.8,14.12,1.19,1.62
2022-04-15 13:00:00+00:00,-17.52,-18.2,-18.11,-18.32,84.4,85.4,0.0,3.68,137.5,164.5,723.7,14.49,1.19,1.62
2022-04-15 14:00:00+00:00,-17.54,-18.18,-17.89,-18.13,84.5,85.4,0.0,4.73,137.2,158.6,723.5,15.09,1.19,1.62
2022-04-15 15:00:00+00:00,-18.04,-18.64,-18.48,-18.63,84.0,85.3,0.0,5.36,137.2,163.6,723.3,14.23,1.19,1.62
2022-04-15 16:00:00+00:00,-17.38,-17.91,-17.88,-17.93,84.6,86.0,0.0,6.63,137.3,168.6,723.1,15.13,1.19,1.61
2022-04-15 17:00:00+00:00,-17.59,-18.36,-18.02,-18.27,84.4,85.6,0.0,9.11,137.4,168.9,723.0,14.73,1.19,1.61
2022-04-15 18:00:00+00:00,-17.32,-17.86,-17.76,-17.78,84.7,86.1,0.0,9.3,137.6,174.6,722.9,14.69,1.19,1.61
2022-04-15 19:00:00+00:00,-16.54,-17.19,-16.94,-17.2,85.5,86.7,0.0,9.44,137.8,185.0,722.9,14.16,1.18,1.54
2022-04-15 20:00:00+00:00,-16.18,-16.24,-16.51,-16.32,86.0,87.4,0.0,9.46,137.8,199.0,723.0,14.09,1.18,1.61
2022-04-15 21:00:00+00:00,-16.28,-16.37,-16.59,-16.41,85.9,87.1,2.62,10.77,137.9,201.4,723.1,13.99,1.18,1.61
2022-04-15 22:00:00+00:00,-17.36,-17.35,-17.63,-17.38,85.0,86.3,6.12,11.8,138.0,202.9,723.3,13.89,1.19,1.61
2022-04-15 23:00:00+00:00,-18.82,-18.72,-19.09,-18.76,83.7,85.1,5.5,11.3,138.0,205.8,723.6,13.79,1.19,1.62
2022-04-16 00:00:00+00:00,-19.93,-19.81,-20.2,-19.82,82.9,84.5,4.97,9.95,138.0,206.1,724.0,13.71,1.19,1.62
2022-04-16 01:00:00+00:00,-20.01,-19.89,-20.24,-19.87,82.8,84.4,4.78,9.43,138.0,205.6,724.3,13.64,1.19,1.62
2022-04-16 02:00:00+00:00,-19.45,-19.33,-19.67,-19.28,83.4,85.1,5.35,10.55,138.0,204.8,724.5,13.58,1.19,1.62
2022-04-16 03:00:00+00:00,-19.35,-19.25,-19.59,-19.22,83.4,85.1,6.55,12.04,138.1,200.4,724.7,13.53,1.19,1.62
2022-04-16 04:00:00+00:00,-19.7,-19.64,-19.88,-19.59,83.1,84.4,5.9,12.69,138.2,208.1,724.8,13.47,1.19,1.62
2022-04-16 05:00:00+00:00,-20.72,-20.65,-20.98,-20.66,82.1,83.6,4.12,10.4,138.2,214.8,725.1,13.42,1.19,1.63
2022-04-16 06:00:00+00:00,-22.54,-22.56,-22.87,-22.63,80.3,81.4,3.45,7.97,138.1,212.0,725.5,13.38,1.2,1.63
2022-04-16 07:00:00+00:00,-25.19,-25.15,-25.55,-25.24,77.8,79.17,3.43,7.28,138.0,206.9,725.9,13.34,1.2,1.64
2022-04-16 08:00:00+00:00,-26.22,-25.98,-26.54,-26.02,76.85,79.05,3.56,7.31,138.0,206.4,726.4,13.35,1.2,1.64
2022-04-16 09:00:00+00:00,-24.33,-24.24,-24.99,-24.53,78.15,79.71,2.64,5.23,138.0,205.5,726.6,13.44,1.2,1.64
2022-04-16 10:00:00+00:00,-23.24,-22.92,-23.72,-23.11,79.43,81.6,2.77,5.44,138.0,205.8,726.7,13.62,1.2,1.63
2022-04-16 11:00:00+00:00,-20.38,-20.25,-20.84,-20.43,82.1,83.7,2.82,4.98,137.9,201.3,726.7,14.1,1.19,1.62
2022-04-16 12:00:00+00:00,-18.37,-18.43,-18.77,-18.46,83.8,85.1,4.29,6.25,137.9,187.1,726.7,14.63,1.19,1.62
2022-04-16 13:00:00+00:00,-18.19,-18.61,-18.51,-18.43,83.8,85.0,4.89,6.49,137.9,174.8,726.6,14.08,1.19,1.62
2022-04-16 14:00:00+00:00,-17.46,-18.01,-17.77,-17.88,84.4,85.7,4.4,5.69,137.6,170.2,726.3,14.1,1.19,1.62
2022-04-16 15:00:00+00:00,-17.52,-17.97,-17.81,-17.93,84.4,85.8,5.19,6.48,137.6,166.4,726.0,14.82,1.19,1.62
2022-04-16 16:00:00+00:00,-16.46,-16.7,-16.71,-16.6,85.3,86.9,6.38,8.23,137.7,170.4,725.7,14.71,1.17,1.61
2022-04-16 17:00:00+00:00,-15.7,-16.01,-15.92,-15.91,85.9,87.5,6.63,8.67,137.8,172.2,725.4,13.99,1.16,1.61
2022-04-16 18:00:00+00:00,-15.33,-15.65,-15.56,-15.57,86.0,87.7,6.03,8.72,138.0,183.5,725.2,15.02,1.17,1.61
2022-04-16 19:00:00+00:00,-14.38,-14.63,-14.74,-14.78,86.8,88.4,4.61,10.02,138.1,207.7,725.0,14.53,1.18,1.61
2022-04-16 20:00:00+00:00,-14.59,-15.01,-15.0,-15.24,86.6,88.0,3.92,9.77,138.2,214.7,725.1,14.8,1.18,1.46
2022-04-16 21:00:00+00:00,-15.95,-16.34,-16.36,-16.49,85.5,86.8,3.59,8.63,138.2,213.0,725.3,14.22,1.18,1.44
2022-04-16 22:00:00+00:00,-17.72,-18.01,-18.16,-18.16,84.2,85.4,2.76,7.06,138.1,215.5,725.5,14.05,1.19,1.58
2022-04-16 23:00:00+00:00,-20.28,-20.45,-20.74,-20.51,82.0,83.5,2.27,4.79,138.0,205.4,725.6,13.93,1.19,1.59
2022-04-17 00:00:00+00:00,-20.92,-20.49,-21.14,-20.47,81.7,84.4,2.41,5.57,138.1,210.0,725.7,13.82,1.19,1.58
2022-04-17 01:00:00+00:00,-19.37,-19.07,-19.53,-19.03,83.0,85.3,2.93,6.45,138.2,209.3,725.8,13.75,1.19,1.58
2022-04-17 02:00:00+00:00,-19.59,-19.52,-19.84,-19.51,82.7,84.4,2.64,6.53,138.2,213.7,725.8,13.68,1.19,1.58
2022-04-17 03:00:00+00:00,-21.05,-20.94,-21.32,-20.94,81.4,83.2,2.31,5.72,138.1,213.8,725.8,13.62,1.19,1.59
2022-04-17 04:00:00+00:00,-21.59,-21.23,-21.83,-21.2,81.0,83.4,1.85,4.97,138.1,219.5,725.8,13.56,1.19,1.59
2022-04-17 05:00:00+00:00,-22.57,-22.61,-22.91,-22.64,80.0,81.4,1.97,5.0,138.1,212.6,725.9,13.51,1.2,1.6
2022-04-17 06:00:00+00:00,-25.07,-24.71,-25.44,-24.7,77.62,80.3,2.15,5.26,138.0,211.6,726.2,13.46,1.2,1.56
2022-04-17 07:00:00+00:00,-25.17,-25.04,-25.47,-25.01,77.65,79.36,1.84,4.18,138.0,207.5,726.4,13.44,1.21,1.57
2022-04-17 08:00:00+00:00,-25.79,-25.4,-26.2,-25.47,76.84,79.45,1.32,3.66,138.0,218.0,726.6,13.53,1.21,1.61
2022-04-17 09:00:00+00:00,-24.37,-24.92,-25.57,-25.29,77.3,78.97,1.97,3.84,138.0,200.1,726.7,13.91,1.21,1.62
2022-04-17 10:00:00+00:00,-24.4,-24.64,-25.29,-24.83,77.36,79.65,2.66,4.65,138.0,195.1,726.8,14.68,1.21,1.61
2022-04-17 11:00:00+00:00,-21.41,-21.33,-21.97,-21.6,80.6,82.7,2.31,4.52,138.0,206.7,727.0,14.83,1.2,1.6
2022-04-17 12:00:00+00:00,-19.68,-19.96,-20.22,-20.2,81.7,83.1,3.2,5.38,138.1,200.5,727.1,14.17,1.2,1.55
2022-04-17 13:00:00+00:00,-18.77,-19.29,-19.46,-19.77,82.6,83.2,2.55,5.26,138.1,209.0,727.1,14.08,1.2,1.59
2022-04-17 14:00:00+00:00,-17.81,-18.16,-18.32,-18.69,83.7,84.5,2.79,6.17,138.2,210.1,727.2,14.08,1.19,1.49
2022-04-17 15:00:00+00:00,-16.79,-17.35,-17.2,-18.0,84.6,85.0,2.33,6.0,138.3,215.7,727.3,14.09,1.19,1.54
2022-04-17 16:00:00+00:00,-15.67,-16.51,-16.03,-17.06,85.8,86.1,2.5,6.32,138.3,216.1,727.4,14.07,1.19,1.59
2022-04-17 17:00:00+00:00,-15.19,-16.65,-15.59,-16.81,86.4,86.9,3.2,6.58,138.2,206.7,727.5,14.06,1.19,1.58
2022-04-17 18:00:00+00:00,-15.81,-16.59,-16.21,-16.92,85.6,86.6,2.81,7.23,138.2,217.4,727.6,15.1,1.19,1.4
2022-04-17 19:00:00+00:00,-15.48,-15.83,-15.77,-16.12,86.1,87.2,2.34,6.6,138.3,224.5,727.8,14.77,1.18,1.37
2022-04-17 20:00:00+00:00,-15.89,-16.45,-16.38,-16.59,85.5,86.8,2.94,6.04,138.2,206.0,728.1,14.35,1.19,1.55
2022-04-17 21:00:00+00:00,-17.14,-17.29,-17.51,-17.3,84.5,86.4,3.63,6.33,138.2,199.1,728.3,14.15,1.19,1.55
2022-04-17 22:00:00+00:00,-17.74,-17.72,-18.06,-17.73,84.2,86.1,3.73,6.61,138.2,199.0,728.4,14.01,1.19,1.55
2022-04-17 23:00:00+00:00,-17.96,-17.89,-18.23,-17.88,84.1,86.0,3.82,6.74,138.2,199.5,728.3,13.89,1.19,1.55
2022-04-18 00:00:00+00:00,-18.55,-18.47,-18.81,-18.45,83.7,85.7,4.74,7.31,138.2,191.5,728.5,13.8,1.19,1.55
2022-04-18 01:00:00+00:00,-18.72,-18.63,-18.95,-18.61,83.5,85.5,4.83,7.53,138.3,193.1,728.6,13.73,1.19,1.55
2022-04-18 02:00:00+00:00,-19.06,-18.97,-19.31,-18.95,83.2,85.2,4.3,7.65,138.3,200.7,728.6,13.67,1.19,1.55
2022-04-18 03:00:00+00:00,-19.5,-19.43,-19.74,-19.38,82.8,84.7,3.56,6.88,138.3,204.3,728.6,13.62,1.19,1.55
2022-04-18 04:00:00+00:00,-20.39,-20.34,-20.63,-20.3,82.0,83.9,3.96,6.82,138.3,198.9,728.6,13.56,1.19,1.56
2022-04-18 05:00:00+00:00,-21.47,-21.43,-21.74,-21.4,81.0,83.0,4.05,7.01,138.3,199.2,728.7,13.51,1.2,1.56
2022-04-18 06:00:00+00:00,-22.38,-22.37,-22.63,-22.28,80.1,82.1,4.55,6.84,138.2,188.5,728.7,13.47,1.2,1.56
2022-04-18 07:00:00+00:00,-22.97,-22.78,-23.28,-22.85,79.74,82.1,4.59,6.64,138.2,184.3,728.8,13.43,1.19,1.56
2022-04-18 08:00:00+00:00,-21.01,-20.71,-21.24,-20.77,81.6,84.0,4.08,6.18,138.3,189.4,728.9,13.44,1.18,1.56
2022-04-18 09:00:00+00:00,-19.91,-19.95,-20.15,-19.85,82.4,84.3,4.69,6.93,138.3,189.2,729.0,13.51,1.18,1.56
2022-04-18 10:00:00+00:00,-20.4,-20.83,-20.92,-20.72,81.2,82.9,3.9,5.62,138.2,181.5,729.1,14.16,1.19,1.56
2022-04-18 11:00:00+00:00,-20.02,-20.51,-20.62,-20.4,81.4,83.0,4.12,6.05,138.1,185.4,729.2,14.6,1.19,1.56
2022-04-18 12:00:00+00:00,-18.61,-18.96,-19.17,-18.94,83.0,84.4,4.1,6.71,138.3,194.0,729.1,14.1,1.18,1.56
2022-04-18 13:00:00+00:00,-16.93,-17.53,-17.39,-17.42,84.5,85.5,4.21,7.22,138.3,195.7,729.1,14.9,1.18,1.55
2022-04-18 14:00:00+00:00,-16.13,-16.91,-16.49,-16.75,85.3,86.3,5.06,8.64,138.3,198.0,729.1,14.01,1.18,1.55
2022-04-18 15:00:00+00:00,-14.68,-15.92,-14.97,-15.71,86.8,87.2,3.39,5.53,138.2,195.0,729.1,13.99,1.18,1.55
2022-04-18 16:00:00+00:00,-15.38,-16.86,-15.5,-16.5,85.6,86.4,3.88,5.57,138.2,184.3,729.1,13.98,1.18,1.55
2022-04-18 17:00:00+00:00,-16.91,-17.92,-16.99,-17.63,83.9,85.8,4.36,5.9,138.1,176.5,728.9,13.99,1.18,1.55
2022-04-18 18:00:00+00:00,-18.15,-18.78,-18.12,-18.47,82.4,85.2,4.26,5.26,137.8,162.7,728.8,14.03,1.19,1.56
2022-04-18 19:00:00+00:00,-19.22,-19.56,-19.22,-19.32,81.6,84.6,4.5,5.63,137.8,161.4,728.8,15.04,1.19,1.56
2022-04-18 20:00:00+00:00,-20.75,-20.86,-20.85,-20.67,80.6,83.4,4.8,6.05,137.9,165.4,728.8,14.8,1.19,1.56
2022-04-18 21:00:00+00:00,-21.57,-21.69,-21.7,-21.58,79.98,82.7,4.49,5.72,137.9,166.6,728.7,14.17,1.19,1.56
2022-04-18 22:00:00+00:00,-23.97,-23.95,-24.05,-23.75,77.61,80.6,4.6,5.75,137.9,159.0,728.6,14.03,1.2,1.57
2022-04-18 23:00:00+00:00,-25.08,-24.91,-25.42,-24.94,77.53,79.99,4.59,5.73,137.9,159.6,728.4,13.91,1.2,1.57
